argumentatively,15,1.61,15,6,RB,2
disenfranchises,15,1.61,14,5,VB,2
horticulturalist,16,1.61,15,6,NN|JJ,2
imperialistically,17,1.61,15,6,RB,2
problematically,15,1.61,13,5,RB,2
prognosticating,15,1.61,14,5,VB|NN|JJ,2
municipality's,14,1.61,14,6,encl,2
sentimentalized,15,1.61,13,5,JJ|VB,2
abstemious,10,1.39,9,3,JJ,2
acrimoniously,13,1.39,12,5,RB,2
ALABAMIAN,9,1.39,9,4,NN|JJ,2
anaesthetizing,14,1.39,11,5,VB|NN|JJ,2
anathematized,13,1.39,11,5,VB,2
antagonistically,16,1.39,14,6,RB,2
antepenultimate,15,1.39,14,6,JJ,2
anthologize,11,1.39,9,4,VB,2
antithetic,10,1.39,9,4,JJ,2
apostatized,11,1.39,10,4,VB,2
appliqueing,11,1.39,8,4,NN|VB|JJ,2
apprehensible,13,1.39,11,5,JJ,2
aquaplaning,11,1.39,10,4,VB|NN|JJ,2
asseverates,11,1.39,9,4,VB,2
atheistical,11,1.39,9,5,JJ,2
belabouring,11,1.39,8,4,VB,2
beseechingly,12,1.39,9,4,RB,2
blackballing,12,1.39,9,3,VB|NN|JJ,2
burglarious,11,1.39,9,3,JJ,2
calcifying,10,1.39,9,4,VB|NN|JJ,2
calumniated,11,1.39,11,5,VB,2
canoodling,10,1.39,8,4,VB|NN|JJ,2
checkmating,11,1.39,8,3,VB|NN|JJ,2
Christianizing,14,1.39,12,4,VB|NN|JJ,2
climacteric,11,1.39,10,4,NN|JJ,2
collectivize,12,1.39,10,4,VB,2
commandeers,11,1.39,9,3,VB,2
commutating,11,1.39,10,4,VB,2
congesting,10,1.39,9,3,VB|NN|JJ,2
conjointly,10,1.39,9,3,RB,2
constipates,11,1.39,10,3,VB,2
CONTINENTALLY,13,1.39,10,5,RB,2
countermoves,12,1.39,9,3,VB|NN,2
countervail,11,1.39,8,3,VB,2
credulously,11,1.39,10,4,RB,2
crenellated,11,1.39,9,4,VB,2
decolonize,10,1.39,9,4,VB,2
decontrolled,12,1.39,10,3,VB|JJ,2
dehumidified,12,1.39,12,5,JJ|VB,2
delimitated,11,1.39,11,5,VB|JJ,2
demoniacally,12,1.39,10,4,RB,2
demythologize,13,1.39,11,5,VB,2
depopulating,12,1.39,12,5,VB|NN|JJ,2
deprecates,10,1.39,9,3,VB,2
desalinated,11,1.39,11,5,VB,2
desiccating,11,1.39,9,4,VB|NN|JJ,2
deviationist,12,1.39,10,5,NN|JJ,2
devitalized,11,1.39,9,4,VB|JJ,2
diametrical,11,1.39,10,4,JJ,2
disabusing,10,1.39,10,4,VB|NN|JJ,2
disconsolately,14,1.39,13,5,RB,2
discourteously,14,1.39,11,4,RB,2
disembowelling,14,1.39,11,4,VB|NN|JJ,2
disinterred,11,1.39,8,3,VB,2
disobediently,13,1.39,13,5,RB,2
disorganizing,13,1.39,12,5,VB|NN|JJ,2
disputant,9,1.39,10,3,NN|JJ,2
disquietingly,13,1.39,12,5,RB,2
dissimilarly,12,1.39,10,5,RB,2
divergently,11,1.39,10,4,RB,2
domesticates,12,1.39,11,4,VB,2
dreamlessly,11,1.39,9,3,RB,2
effervescing,12,1.39,8,4,VB|NN|JJ,2
emancipating,12,1.39,11,5,VB|NN|JJ,2
ensconcing,10,1.39,9,3,VB|NN|JJ,2
equivocates,11,1.39,10,4,VB,2
ethnographically,16,1.39,12,5,RB,2
euphorically,12,1.39,9,4,RB,2
execrated,9,1.39,10,4,VB|JJ,2
expiating,9,1.39,9,4,VB,2
expropriates,12,1.39,12,4,VB,2
extemporized,12,1.39,12,4,VB|JJ,2
fictionalizes,13,1.39,11,5,VB,2
fictionalizing,14,1.39,11,5,VB,2
flagellated,11,1.39,10,4,VB|JJ,2
forgetfully,11,1.39,8,4,RB,2
gastronomically,15,1.39,13,5,RB,2
genuflected,11,1.39,12,4,VB|JJ,2
glamorizes,10,1.39,9,4,VB,2
glamorously,11,1.39,9,4,RB,2
heavenwards,11,1.39,8,3,RB,2
hereditarily,12,1.39,12,6,RB,2
HISTOCHEMICAL,13,1.39,12,5,JJ,2
homogenizes,11,1.39,11,5,VB,2
hospitalize,11,1.39,9,4,VB,2
hospitalizing,13,1.39,11,5,VB|NN|JJ,2
humidifies,10,1.39,10,4,VB,2
humiliatingly,13,1.39,13,6,RB,2
husbanding,10,1.39,9,3,VB|NN|JJ,2
HYPERTROPHIED,13,1.39,10,4,VB|JJ,2
hypothecate,11,1.39,9,4,VB,2
immoderately,12,1.39,10,5,RB,2
immutably,9,1.39,9,4,RB,2
imperilling,11,1.39,9,4,VB|NN|JJ,2
impertinently,13,1.39,11,5,RB,2
impetuously,11,1.39,10,4,RB,2
impractically,13,1.39,11,4,RB,2
improvidently,13,1.39,13,5,RB,2
inarticulately,14,1.39,14,6,RB,2
indissolubly,12,1.39,12,5,RB,2
indistinctly,12,1.39,12,4,RB,2
inexpressibly,13,1.39,13,5,RB,2
inextinguishable,16,1.39,15,6,JJ,2
influentially,13,1.39,10,5,RB,2
ingloriously,12,1.39,11,4,RB,2
inhospitably,12,1.39,12,5,RB,2
inoffensively,13,1.39,11,5,RB,2
interpellating,14,1.39,11,5,VB,2
irreducibly,11,1.39,10,5,RB,2
italicizing,11,1.39,10,5,VB|NN|JJ,2
theology's,10,1.39,8,4,encl,2
latinizing,10,1.39,8,4,VB,2
limitlessly,11,1.39,10,4,RB,2
liquefying,10,1.39,9,4,JJ|VB|NN,2
longwindedly,12,1.39,11,4,RB,2
lopsidedly,10,1.39,10,4,RB,2
lucratively,11,1.39,10,4,RB,2
macerating,10,1.39,9,4,VB,2
malapropos,10,1.39,9,4,JJ|RB|NN,2
manoeuvrable,12,1.39,9,5,JJ,2
Mauritanian,11,1.39,10,4,JJ|NN,2
memorializes,12,1.39,12,5,VB,2
mensurable,10,1.39,8,4,JJ,2
meritoriously,13,1.39,12,5,RB,2
MILITATED,9,1.39,9,4,VB,2
misapprehended,14,1.39,13,5,VB|JJ,2
miscalculates,13,1.39,13,4,VB,2
misinforms,10,1.39,10,3,VB,2
mnemonically,12,1.39,10,5,NN|VB,2
mollycoddling,13,1.39,10,5,VB|NN|JJ,2
morganatic,10,1.39,10,4,JJ,2
nonobservant,12,1.39,10,4,JJ,2
obdurately,10,1.39,9,4,RB,2
obligational,12,1.39,10,5,JJ,2
openhearted,11,1.39,10,4,JJ,2
ornamenting,11,1.39,10,4,VB|NN|JJ,2
ORTHORHOMBIC,12,1.39,10,4,JJ,2
outdistancing,13,1.39,10,4,VB|NN|JJ,2
overburdens,11,1.39,8,4,VB,2
pacifically,11,1.39,9,4,RB,2
parabolically,13,1.39,11,5,RB,2
pasteurizing,12,1.39,10,4,VB|NN|JJ,2
pendulously,11,1.39,10,4,RB,2
penetratingly,13,1.39,12,5,RB,2
pensionable,11,1.39,8,4,JJ,2
perplexedly,11,1.39,11,4,RB,2
pertinently,11,1.39,9,4,RB,2
phantasmic,10,1.39,9,3,JJ,2
plagiarizes,11,1.39,10,4,VB,2
preconceive,11,1.39,9,3,VB,2
predestinating,14,1.39,13,5,VB,2
predicatively,13,1.39,12,5,RB,2
predictively,12,1.39,11,4,RB,2
premonitory,11,1.39,11,5,JJ,2
prescriptively,14,1.39,13,4,RB,2
prevaricates,12,1.39,11,4,VB,2
procreates,10,1.39,9,3,VB,2
pronouncedly,12,1.39,11,4,RB,2
proximally,10,1.39,9,4,RB,2
psychokinetically,17,1.39,13,6,RB,2
querulously,11,1.39,10,4,RB,2
readdressed,11,1.39,8,2,VB|JJ,2
rebarbative,11,1.39,10,4,JJ,2
lyricist's,10,1.39,9,3,encl,2
reconnoitre,11,1.39,8,4,VB|NN,2
redecorates,11,1.39,9,4,VB,2
reminiscently,13,1.39,11,5,RB,2
remunerate,10,1.39,10,4,VB,2
reorientating,13,1.39,12,5,VB|NN|JJ,2
repossessing,12,1.39,9,4,VB|NN|JJ,2
reprehensibly,13,1.39,13,5,RB,2
reservedly,10,1.39,9,4,RB,2
residuary,9,1.39,9,5,JJ,2
resuscitates,12,1.39,10,4,VB,2
retroflexed,11,1.39,11,3,JJ,2
retrogress,10,1.39,9,3,VB,2
reversionary,12,1.39,9,5,JJ,2
rhapsodizes,11,1.39,10,4,VB,2
rhapsodizing,12,1.39,10,4,VB|NN|JJ,2
ricochetting,12,1.39,8,4,VB|NN|JJ,2
sandpapered,11,1.39,9,3,VB|JJ,2
seasonably,10,1.39,8,4,RB,2
SHATTERINGLY,12,1.39,8,4,RB,2
shortsightedly,14,1.39,11,4,RB,2
simperingly,11,1.39,9,4,RB,2
spiritualistic,14,1.39,14,5,JJ,2
spiritualizing,14,1.39,13,5,VB,2
squeamishly,11,1.39,9,3,RB,2
stalwartly,10,1.39,9,3,RB,2
superintending,14,1.39,13,5,VB|NN|JJ,2
surpassingly,12,1.39,9,4,RB,2
syncopates,10,1.39,9,3,VB,2
tantalizes,10,1.39,10,4,VB,2
tensionless,11,1.39,8,3,JJ|RB,2
tercentenary,12,1.39,10,5,JJ|NN,2
tessellating,12,1.39,9,4,VB|NN|JJ,2
tetragonal,10,1.39,9,4,JJ,2
theatergoing,12,1.39,9,4,VB|NN,2
tightfisted,11,1.39,9,3,JJ,2
conflict's,10,1.39,9,2,encl,2
transfixing,11,1.39,11,3,VB|NN|JJ,2
transfusing,11,1.39,11,3,VB|NN|JJ,2
transpolar,10,1.39,9,3,JJ,2
transshipped,12,1.39,8,2,VB|JJ,2
transubstantiate,16,1.39,15,5,VB,2
tremblingly,11,1.39,10,4,RB,2
tyrannically,12,1.39,9,4,RB,2
tyrannizing,11,1.39,9,4,VB|NN|JJ,2
ultramontane,12,1.39,11,4,JJ,2
underexposing,13,1.39,12,5,VB|NN|JJ,2
uneconomically,14,1.39,13,7,RB,2
unhealthiest,12,1.39,10,4,JJ,2
uninominal,10,1.39,10,5,JJ,2
unlikeliest,11,1.39,10,4,JJ,2
unmannerly,10,1.39,8,4,JJ,2
unrelievedly,12,1.39,10,4,RB,2
untellable,10,1.39,8,4,JJ,2
untruthfully,12,1.39,9,4,RB,2
unwaivering,11,1.39,8,4,VB,2
unwaveringly,12,1.39,10,5,RB,2
upholstering,12,1.39,10,4,VB|NN|JJ,2
valetudinarian,14,1.39,13,6,NN|JJ,2
vandalizes,10,1.39,9,4,VB,2
varicolored,11,1.39,9,4,JJ,2
venerating,10,1.39,9,4,VB|NN|JJ,2
verbalizes,10,1.39,8,4,VB,2
voluminously,12,1.39,11,5,RB,2
WALDENSIAN,10,1.39,10,4,JJ|NN,2
acrobatically,13,1.1,11,5,RB,2
adumbrates,10,1.1,9,3,VB,2
aetiologically,14,1.1,12,6,RB,2
aggrandized,11,1.1,9,3,VB|JJ,2
amorphously,11,1.1,9,4,RB,2
antedating,10,1.1,9,4,VB|NN,2
archetypically,14,1.1,13,6,RB,2
asphyxiates,11,1.1,10,4,VB,2
autobiographically,18,1.1,14,6,RB,2
avariciously,12,1.1,10,5,RB,2
barbarously,11,1.1,10,4,RB,2
bedevilling,11,1.1,8,4,VB|NN,2
beneficently,12,1.1,11,5,RB,2
benightedly,11,1.1,9,4,RB,2
bespattered,11,1.1,8,3,VB|JJ,2
bigamously,10,1.1,9,4,RB,2
cartwheeled,11,1.1,9,2,VB|JJ,2
charismatically,15,1.1,13,6,NN|VB,2
circularizing,13,1.1,11,5,VB,2
circumnavigates,15,1.1,13,5,VB,2
colonnaded,10,1.1,9,4,JJ,2
compartmentalizes,17,1.1,16,6,VB,2
complaisant,11,1.1,9,3,JJ,2
concernedly,11,1.1,10,4,RB,2
conciliated,11,1.1,11,5,VB|JJ,2
condescends,11,1.1,10,3,VB,2
confabulating,13,1.1,13,5,VB,2
congregates,11,1.1,10,3,VB,2
consistorial,12,1.1,12,5,JJ,2
constellated,12,1.1,11,4,VB|JJ,2
contrapuntally,14,1.1,12,5,RB,2
conventionalized,16,1.1,13,5,VB,2
conveyancing,12,1.1,10,3,VB|NN|JJ,2
counterblast,12,1.1,10,3,NN|VB,2
countersinking,14,1.1,11,4,VB|NN|JJ,2
crisscrosses,12,1.1,10,3,VB|NN,2
crosschecks,11,1.1,8,2,VB|NN,2
decimalized,11,1.1,9,4,VB|JJ,2
declarable,10,1.1,9,4,JJ,2
declassifies,12,1.1,10,4,VB,2
decorticated,12,1.1,12,5,VB|JJ,2
defoliating,11,1.1,10,5,VB,2
demarcates,10,1.1,9,3,VB,2
demobilizing,12,1.1,10,5,VB|NN,2
demythologized,14,1.1,12,5,VB,2
denominate,10,1.1,9,4,VB,2
deprecatingly,13,1.1,12,5,RB,2
despotically,12,1.1,10,4,RB,2
diffracting,11,1.1,9,3,VB|NN|JJ,2
disagreeably,12,1.1,11,4,RB,2
discolouring,12,1.1,9,4,VB|NN|JJ,2
discouragingly,14,1.1,12,5,RB,2
disembowels,11,1.1,10,3,VB,2
disentangles,12,1.1,11,4,VB,2
disgruntle,10,1.1,9,3,VB,2
dishonouring,12,1.1,8,4,VB,2
dislocates,10,1.1,9,3,VB,2
dismembers,10,1.1,9,3,VB,2
disorganize,11,1.1,10,4,VB,2
dissimulate,11,1.1,10,4,VB,2
distortable,11,1.1,10,4,JJ,2
effectuating,12,1.1,10,5,VB|NN,2
emblematically,14,1.1,12,5,RB,2
emboldening,11,1.1,9,4,VB|NN|JJ,2
enchantingly,12,1.1,10,4,RB,2
equivocated,11,1.1,11,5,VB,2
excrescent,10,1.1,9,3,JJ,2
exculpating,11,1.1,11,4,VB|NN|JJ,2
exorcizing,10,1.1,10,4,VB|NN|JJ,2
extenuated,10,1.1,12,5,VB|JJ,2
extinguishable,14,1.1,13,5,JJ,2
extortionately,14,1.1,12,5,RB,2
exultantly,10,1.1,11,4,RB,2
faithlessly,11,1.1,8,3,RB,2
falteringly,11,1.1,9,4,RB,2
felicitates,11,1.1,10,4,VB,2
flavourless,11,1.1,8,3,JJ,2
flirtatiously,13,1.1,10,4,RB,2
fluoridates,11,1.1,9,3,VB,2
foreshorten,11,1.1,8,3,VB,2
forgivably,10,1.1,9,4,RB,2
fornicates,10,1.1,9,3,VB,2
foxhunted,9,1.1,10,3,VB|JJ,2
fragrantly,10,1.1,10,3,RB,2
frogmarched,11,1.1,9,2,VB|JJ,2
gatecrashed,11,1.1,8,2,VB|JJ,2
gatecrashing,12,1.1,9,3,VB|NN|JJ,2
glancingly,10,1.1,9,3,RB,2
guiltlessly,11,1.1,9,3,RB,2
haemorrhages,12,1.1,9,4,NN|VB,2
hardwearing,11,1.1,9,3,VB,2
immortalizes,12,1.1,10,5,VB,2
imperially,10,1.1,9,4,RB,2
incommunicable,14,1.1,13,6,JJ,2
incorruptibly,13,1.1,12,5,RB,2
indefinably,11,1.1,11,5,RB,2
indelicately,12,1.1,11,5,RB,2
indenturing,11,1.1,9,4,VB,2
indiscriminating,16,1.1,15,6,JJ,2
indoctrinates,13,1.1,12,4,VB,2
industrializes,14,1.1,14,5,VB,2
ingratiatingly,14,1.1,13,6,RB,2
injuriously,11,1.1,10,4,RB,2
inorganically,13,1.1,11,5,RB,2
insanitary,10,1.1,10,5,JJ,2
insipidly,9,1.1,9,4,RB,2
intercommunicate,16,1.1,14,6,VB,2
interlinks,10,1.1,9,3,NN|VB,2
intermeshed,11,1.1,8,3,VB,2
intransitively,14,1.1,13,5,RB,2
introspects,11,1.1,11,3,VB,2
Jacksonian,10,1.1,9,4,JJ|NN,2
journalistically,16,1.1,11,5,RB,2
magisterially,13,1.1,12,5,RB,2
malcontented,12,1.1,12,4,JJ,2
manhandles,10,1.1,9,3,VB,2
marinaded,9,1.1,9,4,VB|JJ,2
masticating,11,1.1,10,4,VB|NN|JJ,2
metricized,10,1.1,9,3,VB|JJ,2
mezzotints,10,1.1,10,3,NN|VB,2
militarizing,12,1.1,11,5,VB,2
misbranded,10,1.1,10,3,VB,2
miscellaneously,15,1.1,12,5,RB,2
misconceives,12,1.1,10,3,VB,2
misconceiving,13,1.1,11,4,VB|NN|JJ,2
misspending,11,1.1,10,3,VB|NN|JJ,2
mistranslating,14,1.1,13,4,VB|NN|JJ,2
mollifying,10,1.1,8,4,VB|NN|JJ,2
mollycoddles,12,1.1,9,4,VB|NN,2
MUDDLEHEADED,12,1.1,9,4,JJ,2
mummifying,10,1.1,8,4,VB|NN|JJ,2
neutralist,10,1.1,9,3,NN|JJ,2
nightmarishly,13,1.1,10,4,RB,2
nonflammable,12,1.1,10,4,JJ,2
nonoccurrence,13,1.1,9,4,JJ|NN,2
notifiable,10,1.1,9,4,JJ,2
nucleated,9,1.1,9,4,JJ|VB,2
opprobrious,11,1.1,9,3,JJ,2
registrant's,12,1.1,11,3,encl,2
overaggressive,14,1.1,10,5,JJ,2
overdressing,12,1.1,9,4,VB|NN,2
overreaches,11,1.1,8,4,VB,2
overstraining,13,1.1,10,4,VB|NN|JJ,2
overtopping,11,1.1,8,4,VB|NN|JJ,2
particularistic,15,1.1,14,6,JJ,2
periphrastic,12,1.1,11,4,JJ,2
perniciously,12,1.1,9,4,RB,2
PETRARCHAN,10,1.1,9,3,JJ|NN,2
phonemically,12,1.1,9,4,RB,2
phosphoresce,12,1.1,8,3,VB,2
photoelectronic,15,1.1,14,6,JJ,2
precedented,11,1.1,11,4,JJ,2
precociously,12,1.1,10,4,RB,2
preconceiving,13,1.1,11,4,VB|NN|JJ,2
premeditate,11,1.1,10,4,VB,2
preventively,12,1.1,11,4,RB,2
promenading,11,1.1,10,4,VB|NN|JJ,2
propagandizes,13,1.1,13,5,VB,2
provisory,9,1.1,9,4,JJ,2
psychoanalytically,18,1.1,14,8,RB,2
psychopathically,16,1.1,11,5,RB,2
puritanically,13,1.1,12,5,RB,2
reanimates,10,1.1,9,4,VB,2
recuperates,11,1.1,10,4,VB,2
retrograding,12,1.1,11,4,VB,2
retrogressed,12,1.1,10,3,VB|JJ,2
revaluing,9,1.1,9,4,VB|NN,2
reverenced,10,1.1,9,3,VB|JJ,2
revivifying,11,1.1,10,5,VB,2
sartorially,11,1.1,10,4,RB,2
scandalizes,11,1.1,10,4,VB,2
schoolgirlish,13,1.1,9,3,JJ,2
scintillates,12,1.1,8,3,VB,2
scrimmaging,11,1.1,9,3,VB,2
scurrilously,12,1.1,10,4,RB,2
semidetached,12,1.1,10,4,JJ,2
sideslipped,11,1.1,8,2,VB,2
slenderizing,12,1.1,10,4,VB|NN|JJ,2
solitarily,10,1.1,10,5,RB,2
sonorously,10,1.1,9,4,RB,2
soporifically,13,1.1,11,5,RB,2
southwesterly,13,1.1,10,4,JJ|RB,2
SPENCERIAN,10,1.1,10,3,JJ,2
stagestruck,11,1.1,9,2,JJ,2
stealthiest,11,1.1,9,3,JJ,2
stocktaking,11,1.1,9,3,VB|NN|JJ,2
strangulating,13,1.1,13,4,VB|NN|JJ,2
SUBLUNARY,9,1.1,9,4,JJ,2
superintend,11,1.1,11,4,VB,2
superintends,12,1.1,12,4,VB,2
supplicates,11,1.1,9,3,VB,2
surprisedly,11,1.1,10,4,RB,2
teleologically,14,1.1,12,5,RB,2
tenderhearted,13,1.1,11,4,JJ,2
tenderizes,10,1.1,9,4,VB,2
timorously,10,1.1,9,4,RB,2
traitorously,12,1.1,9,4,RB,2
transcendently,14,1.1,13,4,RB,2
transfiguring,13,1.1,12,4,VB|NN|JJ,2
travestied,10,1.1,9,3,JJ,2
turbulently,11,1.1,11,4,RB,2
ulcerating,10,1.1,8,4,VB,2
unanalyzed,10,1.1,8,4,JJ,2
unappeasable,12,1.1,9,5,JJ,2
undemonstrative,15,1.1,14,5,JJ,2
undermentioned,14,1.1,10,4,JJ,2
undershooting,13,1.1,9,4,VB|NN|JJ,2
undischarged,12,1.1,10,3,JJ,2
unexceptionably,15,1.1,13,6,RB,2
unfaltering,11,1.1,9,4,JJ,2
ungenerously,12,1.1,11,5,RB,2
unimpeachably,13,1.1,11,5,RB,2
univalent,9,1.1,10,4,JJ,2
unmeritorious,13,1.1,12,5,JJ,2
unpremeditated,14,1.1,14,6,JJ,2
unreadably,10,1.1,9,4,RB,2
unrevealing,11,1.1,9,4,JJ,2
untenanted,10,1.1,10,4,JJ|VB,2
utilizable,10,1.1,9,5,JJ,2
VIBRIONIC,9,1.1,9,4,JJ,2
volumetrically,14,1.1,13,5,RB,2
voluptuously,12,1.1,11,4,RB,2
weightlessly,12,1.1,8,3,RB,2
abstemiously,12,0.69,11,4,RB,2
admonitory,10,0.69,10,5,JJ,2
agglutinate,11,0.69,9,4,VB,2
agglutinated,12,0.69,11,5,VB|JJ,2
aggrandizes,11,0.69,10,4,VB,2
airdropping,11,0.69,8,3,VB|NN|JJ,2
algebraical,11,0.69,10,5,JJ,2
analogizes,10,0.69,10,5,VB,2
angelically,11,0.69,9,4,RB,2
annunciated,11,0.69,10,5,VB,2
anthologizes,12,0.69,11,5,VB,2
apocalyptically,15,0.69,14,7,RB,2
apoplectically,14,0.69,12,5,RB,2
ascetically,11,0.69,8,4,RB,2
atheistically,13,0.69,10,5,RB,2
attributively,13,0.69,12,5,RB,2
BALTIMOREAN,11,0.69,11,4,JJ|NN,2
bamboozling,11,0.69,9,4,VB|NN|JJ,2
BASOPHILIC,10,0.69,9,4,JJ,2
betokening,10,0.69,9,4,VB|NN,2
biographically,14,0.69,11,4,RB,2
blamelessly,11,0.69,9,3,RB,2
bombastically,13,0.69,12,5,NN|VB,2
bowdlerizing,12,0.69,9,4,VB|NN|JJ,2
calumniate,10,0.69,9,4,VB,2
canalizing,10,0.69,9,4,VB,2
cannibalizes,12,0.69,10,5,VB,2
casuistic,9,0.69,9,4,JJ,2
cataleptic,10,0.69,10,4,JJ,2
cerebrating,11,0.69,10,4,VB,2
certificating,13,0.69,11,5,VB|NN|JJ,2
cheerlessly,11,0.69,8,3,RB,2
chieftainship,13,0.69,9,3,NN|VB,2
chivalrously,12,0.69,9,4,RB,2
circularized,12,0.69,10,4,VB|JJ,2
cliffhanging,12,0.69,9,3,VB|NN|JJ,2
cogitated,9,0.69,9,4,VB|JJ,2
compliantly,11,0.69,11,3,RB,2
complicatedly,13,0.69,13,5,RB,2
composedly,10,0.69,10,4,RB,2
computerizes,12,0.69,12,5,VB,2
concertedly,11,0.69,10,4,RB,2
confoundedly,12,0.69,11,4,RB,2
conglomerating,14,0.69,13,5,VB,2
constellate,11,0.69,9,3,VB,2
consternated,12,0.69,11,4,VB,2
contagiously,12,0.69,10,4,RB,2
contradistinguish,17,0.69,16,5,VB,2
controvertible,14,0.69,12,5,JJ,2
convalesced,11,0.69,9,3,VB,2
convincible,11,0.69,10,4,JJ,2
convoluting,11,0.69,10,4,VB,2
corrosively,11,0.69,9,4,RB,2
coruscated,10,0.69,10,4,VB,2
countermarch,12,0.69,9,3,VB|NN,2
covetously,10,0.69,9,4,RB,2
crunchiest,10,0.69,9,3,JJ,2
deceivingly,11,0.69,9,4,RB,2
decentralizes,13,0.69,13,5,VB,2
decimalize,10,0.69,8,4,VB,2
decolonized,11,0.69,10,4,JJ|VB,2
dedicatedly,11,0.69,11,5,RB,2
deleteriously,13,0.69,12,5,RB,2
delimitating,12,0.69,11,5,VB|NN|JJ,2
deliquescent,12,0.69,10,4,JJ,2
demagogically,13,0.69,12,6,RB,2
demonetize,10,0.69,9,4,VB,2
deodorizes,10,0.69,9,5,VB,2
derivatively,12,0.69,11,5,RB,2
desalinating,12,0.69,11,5,VB,2
desalinizing,12,0.69,11,5,VB,2
desponding,10,0.69,9,3,VB|NN,2
didactically,12,0.69,10,4,RB,2
disaffecting,12,0.69,10,4,VB|NN|JJ,2
disarranged,11,0.69,9,3,VB|JJ,2
disassociates,13,0.69,11,5,VB,2
discontentedly,14,0.69,14,5,RB,2
discursively,12,0.69,10,4,RB,2
dishonourably,13,0.69,10,5,RB,2
disincline,10,0.69,9,3,VB,2
dissimulated,12,0.69,12,5,VB|JJ,2
divagating,10,0.69,9,4,VB,2
earthshakingly,14,0.69,9,4,RB,2
electioneer,11,0.69,8,4,NN|VB,2
electricly,10,0.69,10,4,RB,2
emancipates,11,0.69,10,4,VB,2
embargoing,10,0.69,9,4,VB|NN|JJ,2
embittering,11,0.69,8,4,VB|NN,2
emblazoning,11,0.69,9,4,VB|NN|JJ,2
encephalic,10,0.69,9,4,JJ,2
ensanguine,10,0.69,9,3,VB,2
ensanguined,11,0.69,10,3,VB,2
equivocally,11,0.69,11,5,RB,2
eructated,9,0.69,9,4,VB,2
ethnologically,14,0.69,11,5,RB,2
eugenically,11,0.69,9,4,RB,2
evangelic,9,0.69,9,4,JJ,2
exhilarate,10,0.69,9,4,VB,2
EXPOSITED,9,0.69,10,4,VB|JJ,2
extemporizing,13,0.69,13,5,VB|NN|JJ,2
exteriorizing,13,0.69,12,5,VB,2
externalizes,12,0.69,11,5,VB,2
extirpating,11,0.69,10,4,VB,2
farinaceous,11,0.69,9,4,JJ,2
faultfinding,12,0.69,10,3,NN|VB|JJ,2
flagellates,11,0.69,9,3,VB,2
flatteringly,12,0.69,9,4,RB,2
foreshortens,12,0.69,9,3,VB,2
fragmental,10,0.69,9,3,JJ,2
fragmentarily,13,0.69,13,5,RB,2
friendlily,10,0.69,9,3,RB,2
fructifies,10,0.69,9,3,VB,2
galvanizes,10,0.69,10,4,VB,2
granulates,10,0.69,10,3,VB,2
holystoned,10,0.69,9,3,VB,2
homiletic,9,0.69,9,4,JJ,2
hortatory,9,0.69,9,4,JJ,2
hospitably,10,0.69,10,4,RB,2
hygienically,12,0.69,10,5,RB,2
immolating,10,0.69,8,4,VB|NN|JJ,2
inauspiciously,14,0.69,11,5,RB,2
incandescently,14,0.69,12,5,RB,2
inconsolably,12,0.69,12,5,RB,2
indemnifies,11,0.69,10,4,VB,2
indispensably,13,0.69,13,5,RB,2
indolently,10,0.69,10,4,RB,2
inestimably,11,0.69,11,5,RB,2
ingenuously,11,0.69,11,4,RB,2
inharmonious,12,0.69,11,4,JJ,2
interbreeds,11,0.69,9,3,VB|NN,2
intercalate,11,0.69,9,4,VB,2
intercommunicating,18,0.69,16,7,VB,2
intermitted,11,0.69,9,4,VB,2
INTERPENETRATES,15,0.69,13,5,VB,2
interrelates,12,0.69,10,4,VB,2
intractably,11,0.69,11,4,RB,2
introverting,12,0.69,10,4,VB|NN|JJ,2
jurisprudent,12,0.69,11,4,JJ,2
lethargically,13,0.69,10,4,RB,2
licentiously,12,0.69,10,4,RB,2
literately,10,0.69,8,4,RB,2
loquaciously,12,0.69,10,4,RB,2
manifolding,11,0.69,10,4,VB|NN|JJ,2
manumitted,10,0.69,10,4,VB|JJ,2
marinading,10,0.69,9,4,VB|NN|JJ,2
MEDIUMISTIC,11,0.69,11,4,JJ,2
millionfold,11,0.69,10,3,JJ,2
misadvising,11,0.69,10,4,VB|NN|JJ,2
misanthropically,16,0.69,12,5,RB,2
misconducting,13,0.69,12,4,VB|NN|JJ,2
misconstrues,12,0.69,11,3,VB,2
mistranslates,13,0.69,12,3,VB,2
mollycoddled,12,0.69,9,4,VB|JJ,2
MONOCLINIC,10,0.69,10,4,JJ,2
mountebank,10,0.69,9,3,NN|VB,2
multistorey,11,0.69,10,4,JJ|NN,2
naturalistically,16,0.69,13,5,RB,2
naturalizing,12,0.69,10,4,VB|NN|JJ,2
nonequivalent,13,0.69,13,5,JJ|NN,2
northeastward,13,0.69,10,3,RB,2
numerously,10,0.69,9,4,RB,2
opulently,9,0.69,10,4,RB,2
outbalanced,11,0.69,9,3,VB|JJ,2
oversteered,11,0.69,8,3,VB|JJ,2
oxygenize,9,0.69,9,4,VB,2
palavering,10,0.69,8,4,VB,2
panhandled,10,0.69,9,3,VB|JJ,2
paperbacked,11,0.69,8,3,JJ,2
paralytically,13,0.69,12,6,NN|VB,2
paranoiacally,13,0.69,12,5,JJ,2
PERICLEAN,9,0.69,9,4,JJ,2
permissibly,11,0.69,9,4,RB,2
pernickety,10,0.69,8,4,JJ,2
perseveringly,13,0.69,11,5,RB,2
pettifogging,12,0.69,9,4,JJ,2
pitchforked,11,0.69,8,2,JJ,2
politicizes,11,0.69,11,5,VB,2
pornographically,16,0.69,13,5,RB,2
postmarking,11,0.69,10,3,VB|NN,2
preoccupies,11,0.69,10,4,VB,2
prerecording,12,0.69,11,4,VB|NN|JJ,2
preservable,11,0.69,9,4,JJ,2
prettifying,11,0.69,9,4,VB|NN|JJ,2
procurable,10,0.69,10,4,JJ,2
profiteered,11,0.69,9,3,VB,2
prognosticated,14,0.69,14,5,VB|JJ,2
pronominal,10,0.69,9,4,JJ,2
pronominally,12,0.69,10,5,RB,2
propitiatory,12,0.69,12,5,JJ,2
prosaically,11,0.69,9,4,RB,2
psychedelically,15,0.69,11,5,RB,2
psychoanalysed,14,0.69,10,5,VB|JJ,2
PUDDINGSTONE,12,0.69,9,3,NN|VB,2
punctiliously,13,0.69,12,4,RB,2
purgatorial,11,0.69,10,4,JJ,2
putrefactive,12,0.69,12,4,JJ,2
quincentenary,13,0.69,13,5,JJ,2
quixotically,12,0.69,12,5,NN|VB,2
radicalizes,11,0.69,11,5,VB,2
rallentando,11,0.69,10,4,JJ|RB,2
rancorously,11,0.69,9,4,RB,2
marksman's,10,0.69,9,2,encl,2
reconnoitred,12,0.69,9,4,VB|JJ,2
reconstitutes,13,0.69,12,4,VB,2
recriminate,11,0.69,10,4,VB,2
recriminating,13,0.69,12,5,VB|NN|JJ,2
reforested,10,0.69,10,4,VB|JJ,2
reforesting,11,0.69,10,4,VB|NN|JJ,2
refrigerates,12,0.69,11,4,VB,2
remunerating,12,0.69,12,5,VB|NN|JJ,2
reorientate,11,0.69,10,4,VB,2
repentantly,11,0.69,10,4,RB,2
reportorial,11,0.69,10,4,JJ,2
reprobated,10,0.69,10,4,VB,2
resentfully,11,0.69,9,4,RB,2
resonantly,10,0.69,10,4,RB,2
resourcefully,13,0.69,10,4,RB,2
retrograded,11,0.69,11,4,VB,2
reverentially,13,0.69,10,5,RB,2
sacrilegiously,14,0.69,12,5,RB,2
salvationist,12,0.69,10,4,NN|JJ,2
scrappiest,10,0.69,9,3,JJ,2
scruffiest,10,0.69,9,3,JJ,2
scrummages,10,0.69,9,3,NN|VB,2
semitropical,12,0.69,11,5,JJ,2
skateboarded,12,0.69,10,3,VB,2
soliloquize,11,0.69,10,4,VB,2
spellbinds,10,0.69,9,2,VB,2
spinelessly,11,0.69,9,3,RB,2
spiritualizes,13,0.69,13,5,VB,2
spoliated,9,0.69,9,4,VB,2
squeakiest,10,0.69,9,3,JJ,2
steamrollering,14,0.69,10,4,VB|NN|JJ,2
substantival,12,0.69,12,4,JJ,2
suburbanized,12,0.69,10,4,JJ|VB,2
tapestried,10,0.69,9,3,JJ|VB,2
THEODOSIAN,10,0.69,8,4,JJ,2
transfigures,12,0.69,11,3,VB,2
transmigrated,13,0.69,13,4,VB|JJ,2
transshipping,13,0.69,9,3,VB|NN|JJ,2
transubstantiated,17,0.69,17,6,VB,2
transubstantiating,18,0.69,17,6,VB,2
TRANSVERSALLY,13,0.69,10,4,RB,2
trenchantly,11,0.69,10,3,RB,2
TRICHLOROACETIC,15,0.69,14,5,JJ,2
trilaterally,12,0.69,11,5,RB,2
truculently,11,0.69,12,4,RB,2
tumultuously,12,0.69,11,4,RB,2
undedicated,11,0.69,11,5,JJ,2
understanded,12,0.69,11,4,VB,2
undesirably,11,0.69,11,5,RB,2
unfalteringly,13,0.69,11,5,RB,2
ungratefully,12,0.69,9,4,RB,2
versifying,10,0.69,8,4,VB|NN|JJ,2
vestigially,11,0.69,10,4,RB,2
vituperated,11,0.69,11,5,VB|JJ,2
vouchsafing,11,0.69,8,3,VB|NN|JJ,2
whitewashes,11,0.69,9,3,VB|NN,2
wisecracked,11,0.69,8,2,VB|JJ,2
woolgathering,13,0.69,9,4,NN|JJ|VB,2
adolescent's,12,0.69,8,4,encl,2
abnegated,9,0,9,4,VB|JJ,2
abnegating,10,0,9,4,VB,2
abominated,10,0,10,5,VB|JJ,2
abominates,10,0,9,4,VB,2
abominating,11,0,10,5,VB|NN|JJ,2
abortively,10,0,9,4,RB,2
abstrusely,10,0,9,3,RB,2
acclimatizes,12,0,11,5,VB,2
accommodatingly,15,0,12,6,RB,2
accountably,11,0,9,4,RB,2
accumulatively,14,0,14,6,RB,2
accursedly,10,0,8,4,RB,2
acidulated,10,0,10,5,VB,2
acidulating,11,0,10,5,VB,2
acquiescently,13,0,10,5,RB,2
acquisitively,13,0,11,5,RB,2
adenoidally,11,0,8,5,NN|VB,2
admonishingly,13,0,11,5,RB,2
adulterates,11,0,10,4,VB,2
adumbrating,11,0,10,4,VB|NN|JJ,2
advantaging,11,0,10,4,VB|NN|JJ,2
adventitiously,14,0,12,5,RB,2
adverbially,11,0,9,4,RB,2
aetiological,12,0,10,5,JJ,2
affectingly,11,0,9,4,RB,2
afforested,10,0,9,4,VB|JJ,2
afforesting,11,0,9,4,VB|NN|JJ,2
affranchise,11,0,8,3,VB,2
affranchised,12,0,9,3,VB,2
affranchising,13,0,10,4,VB,2
Afghanistani,12,0,11,5,NN|JJ,2
agglomerating,13,0,11,5,VB|NN|JJ,2
agglutinates,12,0,10,4,VB,2
WAREHOUSEMAN'S,14,0,10,3,encl,2
alcoholically,13,0,11,5,RB,2
aldermanic,10,0,9,4,JJ,2
alligatored,11,0,8,4,JJ,2
alliterated,11,0,10,5,VB|JJ,2
alliterating,12,0,10,5,VB|NN|JJ,2
alliteratively,14,0,12,6,RB,2
allopathically,14,0,11,6,RB,2
allusively,10,0,8,4,RB,2
altercated,10,0,9,4,VB|JJ,2
altercating,11,0,9,4,VB|NN|JJ,2
UNDERSECRETARY'S,16,0,14,6,encl,2
ambuscaded,10,0,10,4,VB|JJ,2
ambuscading,11,0,10,4,VB,2
americanizes,12,0,12,6,VB,2
AMETHYSTINE,11,0,9,4,JJ,2
ammoniated,10,0,9,5,VB,2
ammoniating,11,0,9,5,VB,2
anaemically,11,0,8,4,RB,2
anaesthetize,12,0,9,4,VB,2
anaesthetizes,13,0,11,5,VB,2
analeptic,9,0,9,4,JJ,2
anarchically,12,0,9,4,RB,2
anarchistically,15,0,12,6,NN|VB,2
ANASTOMOTIC,11,0,11,5,JJ,2
anathematize,12,0,10,5,VB,2
anathematizing,14,0,12,6,VB,2
anesthetically,14,0,11,5,RB,2
anhydrously,11,0,10,4,RB,2
animadvert,10,0,9,4,VB,2
animadverted,12,0,11,5,VB,2
animadverting,13,0,11,5,VB,2
animadverts,11,0,10,4,VB,2
ANISEIKONIC,11,0,10,5,JJ,2
annunciating,12,0,10,5,VB|NN|JJ,2
answerably,10,0,8,4,RB,2
ANTAGONISED,11,0,10,4,VB|JJ,2
anteceded,9,0,9,4,VB,2
anteceding,10,0,9,4,VB,2
antenuptial,11,0,9,4,JJ,2
anthologizing,13,0,11,5,VB|NN|JJ,2
antibiotically,14,0,12,6,RB,2
antifundamentalist,18,0,17,7,JJ|NN,2
ANTIHISTORICAL,14,0,13,6,JJ|NN,2
antipathetically,16,0,13,6,RB,2
antiquates,10,0,9,3,VB,2
antiquating,11,0,10,4,VB,2
antithetically,14,0,11,5,RB,2
apostatize,10,0,9,4,VB,2
apostatizes,11,0,11,5,VB,2
apostatizing,12,0,11,5,VB|NN|JJ,2
apostolically,13,0,11,5,RB,2
apostrophize,12,0,10,4,VB,2
apostrophized,13,0,11,4,VB|JJ,2
apostrophizes,13,0,12,5,VB,2
apostrophizing,14,0,12,5,VB|NN|JJ,2
apparelling,11,0,8,4,VB|NN|JJ,2
appetizingly,12,0,10,5,RB,2
appositely,10,0,8,4,RB,2
approbated,10,0,9,4,VB,2
approbating,11,0,9,4,VB,2
aquaplaned,10,0,9,3,JJ,2
aquatically,11,0,9,4,RB,2
archaically,11,0,8,4,RB,2
aristocratically,16,0,14,6,RB,2
aromatically,12,0,10,5,RB,2
aseptically,11,0,9,4,RB,2
asseverate,10,0,8,4,VB,2
asseverated,11,0,10,5,VB|JJ,2
asseverating,12,0,10,5,VB|NN|JJ,2
THRONEBERRY'S,13,0,9,3,encl,2
asterisking,11,0,10,4,VB,2
asthmatically,13,0,9,4,RB,2
attitudinize,12,0,9,5,VB,2
attitudinized,13,0,10,5,VB,2
attitudinizes,13,0,11,6,VB,2
attitudinizing,14,0,11,6,VB|NN|JJ,2
auriferous,10,0,8,4,JJ,2
auscultated,11,0,10,4,VB,2
auscultating,12,0,10,4,VB,2
autistically,12,0,9,4,RB,2
aversively,10,0,8,4,RB,2
avuncularly,11,0,11,5,RB,2
awestricken,11,0,8,3,JJ,2
axiological,11,0,12,6,JJ,2
backbreakingly,14,0,11,4,JJ|RB,2
backcombing,11,0,8,3,VB|NN|JJ,2
banteringly,11,0,9,4,RB,2
barbarized,10,0,9,3,VB|JJ,2
barbarizes,10,0,10,4,VB,2
barbarizing,11,0,10,4,VB,2
barefacedly,11,0,10,4,RB,2
barnstormed,11,0,10,2,VB|JJ,2
barnstorms,10,0,10,2,VB,2
barometrically,14,0,12,5,RB,2
BASEBALLIGHT,12,0,9,3,NN|VB,2
bastardizes,11,0,10,4,VB,2
beastliest,10,0,9,3,JJ,2
beatifying,10,0,9,5,VB|NN|JJ,2
beauteously,11,0,9,3,RB,2
beeswaxing,10,0,9,3,VB,2
behindhand,10,0,10,3,RB,2
bejewelling,11,0,8,3,VB|NN|JJ,2
belowground,11,0,9,3,JJ,2
BEMADDENING,11,0,8,4,VB|NN|JJ,2
beneficing,10,0,9,4,VB,2
benignantly,11,0,11,4,RB,2
bespangled,10,0,9,3,VB,2
bestriding,10,0,9,3,VB,2
bewilderedly,12,0,10,4,RB,2
bewitchingly,12,0,9,4,RB,2
billposting,11,0,9,3,VB,2
bivouacked,10,0,9,4,VB,2
blackberrying,13,0,10,4,NN|VB|JJ,2
blackguarded,12,0,8,3,JJ,2
blackguardly,12,0,8,3,JJ,2
blacklegged,11,0,8,2,VB,2
blacklegging,12,0,9,3,VB|NN|JJ,2
blandishes,10,0,9,3,VB,2
blandishing,11,0,9,3,VB|NN|JJ,2
BLOODSPOTS,10,0,9,2,NN|VB,2
bloodthirstily,14,0,11,4,RB,2
bobsledded,10,0,9,3,VB,2
bobsleighing,12,0,8,3,VB,2
BOLSHEVISTIC,12,0,11,4,JJ,2
botanizes,9,0,9,4,VB,2
botanizing,10,0,9,4,VB|NN|JJ,2
bounteously,11,0,9,3,RB,2
bowdlerizes,11,0,9,4,VB,2
breadthways,11,0,8,2,RB,2
breadthwise,11,0,8,2,RB,2
breathalyse,11,0,8,3,NN|VB|JJ,2
breathalysing,13,0,10,4,NN|VB|JJ,2
bristliest,10,0,9,3,JJ,2
broadmindedly,13,0,12,4,RB,2
bronchiolar,11,0,9,4,JJ,2
bronchitic,10,0,9,3,JJ,2
bucolically,11,0,10,4,RB,2
bullheadedly,12,0,10,4,RB,2
bumptiously,11,0,9,3,RB,2
burglarizes,11,0,9,4,VB,2
burglarproof,12,0,9,3,JJ,2
burlesquing,11,0,8,3,VB,2
calculably,10,0,11,4,RB,2
calumniates,11,0,10,4,VB,2
calumniating,12,0,11,5,VB|NN|JJ,2
camphorated,11,0,10,4,VB,2
camphorating,12,0,10,4,VB,2
cancerously,11,0,9,4,RB,2
candescent,10,0,9,3,JJ,2
Cantabrigian,12,0,12,5,JJ|NN,2
cantankerously,14,0,13,5,RB,2
canyonside,10,0,9,3,NN|VB|JJ,2
capaciously,11,0,9,4,RB,2
caparison,9,0,9,4,NN|VB,2
caravanning,11,0,9,4,VB,2
carbonizes,10,0,10,4,VB,2
carbonizing,11,0,10,4,VB|NN|JJ,2
carbureting,11,0,10,4,VB,2
cardpunches,11,0,10,3,NN|VB,2
carpetbags,10,0,10,3,VB|NN,2
castellated,11,0,9,4,JJ,2
casuistical,11,0,10,5,JJ,2
casuistically,13,0,12,6,RB,2
catechizes,10,0,9,4,VB,2
catechizing,11,0,9,4,VB|NN|JJ,2
caterwauled,11,0,8,3,VB|JJ,2
cauterizes,10,0,9,4,VB,2
cavernously,11,0,9,4,RB,2
censoriously,12,0,11,4,RB,2
centennially,12,0,11,5,RB,2
cerebrated,10,0,10,4,VB,2
cerebrates,10,0,9,3,VB,2
changelessly,12,0,9,3,RB,2
cheeseparing,12,0,8,3,NN|VB,2
cherubically,12,0,9,4,RB,2
chieftainships,14,0,10,3,NN|VB,2
chilblained,11,0,8,2,JJ,2
chimerically,12,0,9,4,RB,2
chlorinates,11,0,9,3,VB,2
chloroforming,13,0,11,4,VB|NN|JJ,2
chloroforms,11,0,10,3,NN|VB,2
cholerically,12,0,10,5,NN|VB,2
CICERONIAN,10,0,10,5,JJ,2
ciderpresses,12,0,10,4,NN|VB,2
circularizes,12,0,11,5,VB,2
circumlocutory,14,0,14,6,JJ,2
clamorously,11,0,9,4,RB,2
clangorously,12,0,9,4,RB,2
cleanliest,10,0,9,3,JJ,2
clerically,10,0,10,4,RB,2
cloistering,11,0,8,3,VB|NN|JJ,2
closefisted,11,0,10,3,JJ,2
clubfooted,10,0,9,3,JJ,2
coeternally,11,0,9,5,RB,2
collectedly,11,0,10,4,RB,2
collectivizes,13,0,12,5,VB,2
collocating,11,0,9,4,VB|NN|JJ,2
colourlessly,12,0,9,4,RB,2
combatively,11,0,10,4,RB,2
commendatory,12,0,11,5,JJ,2
commensurably,13,0,12,5,RB,2
commercializes,14,0,10,5,VB,2
comminatory,11,0,10,5,JJ,2
commodiously,12,0,10,4,RB,2
communicably,12,0,12,5,RB,2
commutated,10,0,10,4,VB,2
commutates,10,0,9,3,VB,2
compendiously,13,0,12,4,RB,2
complainingly,13,0,11,4,RB,2
complaisantly,13,0,12,4,RB,2
conceitedly,11,0,10,4,RB,2
concertinaed,12,0,10,4,JJ,2
concertinaing,13,0,11,5,VB,2
conciliates,11,0,10,4,VB,2
conciliating,12,0,11,5,VB|NN|JJ,2
confabulates,12,0,12,4,VB,2
confederating,13,0,12,5,VB|NN|JJ,2
confidingly,11,0,10,4,RB,2
conformably,11,0,11,4,RB,2
congenially,11,0,10,4,RB,2
congruously,11,0,10,3,RB,2
conjugally,10,0,9,4,RB,2
PANDELLI'S,10,0,9,3,encl,2
consolable,10,0,9,4,JJ,2
consolatory,11,0,11,5,JJ,2
constellates,12,0,10,3,VB,2
constellating,13,0,11,4,VB,2
consternate,11,0,9,3,VB,2
consternates,12,0,10,3,VB,2
consternating,13,0,11,4,VB,2
constitutionalize,17,0,14,6,VB,2
constitutionalized,18,0,15,6,VB|JJ,2
constitutionalizes,18,0,16,7,VB,2
constitutionalizing,19,0,16,7,VB|NN|JJ,2
constrainedly,13,0,12,4,RB,2
consubstantiate,15,0,14,5,VB,2
consubstantiated,16,0,16,6,VB,2
consubstantiating,17,0,16,6,VB,2
containerize,12,0,9,4,VB,2
containerizes,13,0,11,5,VB,2
contradistinguished,19,0,17,5,VB|JJ,2
contradistinguishes,19,0,18,6,VB,2
contradistinguishing,20,0,18,6,VB|NN|JJ,2
contraindicates,15,0,14,5,VB,2
contraindicating,16,0,15,6,VB,2
controversialist,16,0,13,5,NN|JJ,2
controverting,13,0,11,4,VB|NN|JJ,2
controverts,11,0,10,3,VB,2
contumaciously,14,0,12,5,RB,2
contumelious,12,0,11,5,JJ,2
contumeliously,14,0,13,6,RB,2
convalesces,11,0,10,4,VB,2
convivially,11,0,10,4,RB,2
convolutedly,12,0,12,5,JJ,2
corporeally,11,0,10,4,RB,2
correctively,12,0,10,4,RB,2
corrugating,11,0,9,4,VB|NN|JJ,2
cortically,10,0,10,4,RB,2
coruscates,10,0,9,3,VB,2
counterblasts,13,0,11,3,VB|NN,2
counterirritant,15,0,12,5,NN|JJ,2
countermands,12,0,10,3,VB,2
countermine,11,0,8,3,NN|VB,2
countermined,12,0,9,3,VB,2
counterplots,12,0,10,3,NN|VB,2
counterplotted,14,0,11,4,VB|JJ,2
counterplotting,15,0,11,4,VB|NN|JJ,2
counterpoising,14,0,10,4,VB|NN|JJ,2
countersank,11,0,9,3,VB,2
countersigning,14,0,10,4,VB|NN|JJ,2
countersigns,12,0,9,3,VB,2
countervailed,13,0,9,3,VB,2
countervails,12,0,9,3,VB,2
courtliest,10,0,9,3,JJ,2
NIGHTCLUB'S,11,0,8,2,encl,2
crackbrained,12,0,9,2,JJ,2
crenellating,12,0,9,4,VB,2
creosoting,10,0,9,3,VB,2
crepitated,10,0,10,4,VB,2
crepitating,11,0,10,4,VB,2
crinkliest,10,0,10,4,JJ,2
crumbliest,10,0,10,3,JJ,2
curvaceously,12,0,9,4,RB,2
damascening,11,0,9,4,VB,2
dandifying,10,0,9,4,VB|NN|JJ,2
dauntlessly,11,0,9,3,RB,2
deathlessly,11,0,8,3,RB,2
decarbonize,11,0,10,4,VB,2
decarbonized,12,0,11,4,VB,2
decarbonizes,12,0,12,5,VB,2
decarbonizing,13,0,12,5,VB,2
decasyllabic,12,0,11,5,JJ,2
decimalizes,11,0,10,5,VB,2
decimalizing,12,0,10,5,VB|NN|JJ,2
decolonizes,11,0,11,5,VB,2
decontaminates,14,0,13,5,VB,2
decontaminating,15,0,14,6,VB|NN|JJ,2
decontrolling,13,0,11,4,VB|NN|JJ,2
decontrols,10,0,10,3,VB,2
defalcated,10,0,10,4,VB|JJ,2
defalcates,10,0,9,3,VB,2
defalcating,11,0,10,4,VB,2
LITTLEPAGE'S,12,0,9,4,encl,2
defencelessly,13,0,11,4,RB,2
deficiently,11,0,9,4,RB,2
LASSWITZ'S,10,0,9,3,encl,2
defoliates,10,0,9,4,VB,2
degeneratively,14,0,13,6,RB,2
DEHUMANISED,11,0,11,4,VB|JJ,2
delimitate,10,0,9,4,VB,2
delimitates,11,0,10,4,VB,2
deliquesced,11,0,9,3,VB|JJ,2
deliquesces,11,0,10,4,VB,2
deliquescing,12,0,10,4,VB,2
delusively,10,0,9,4,RB,2
demilitarizes,13,0,13,6,VB,2
demobilizes,11,0,10,5,VB,2
democratizes,12,0,12,5,VB,2
demonetizes,11,0,11,5,VB,2
demonetizing,12,0,11,5,VB,2
KILLPATH'S,10,0,10,4,NN|encl,2
denationalize,13,0,9,4,VB,2
denationalizes,14,0,11,5,VB,2
denationalizing,15,0,11,5,VB|NN|JJ,2
denominates,11,0,10,4,VB,2
denominating,12,0,11,5,VB|NN,2
denominationally,16,0,13,7,RB,2
denunciate,10,0,9,4,VB,2
denunciated,11,0,11,5,VB|JJ,2
denunciates,11,0,10,4,VB,2
denunciating,12,0,11,5,VB,2
depopulates,11,0,11,4,VB,2
depreciatory,12,0,12,6,JJ,2
depredated,10,0,10,4,VB|JJ,2
depredates,10,0,9,3,VB,2
deputizes,9,0,10,4,VB,2
derequisitioned,15,0,12,5,JJ,2
derequisitioning,16,0,13,6,VB,2
derestrict,10,0,10,3,VB,2
derestricting,13,0,12,4,VB|NN,2
derestricts,11,0,11,3,VB,2
derisorily,10,0,10,5,RB,2
derogated,9,0,9,4,JJ,2
desalinates,11,0,10,4,VB,2
desalinize,10,0,9,4,VB,2
desalinized,11,0,10,4,VB,2
desalinizes,11,0,11,5,VB,2
desecrates,10,0,9,3,VB,2
desegregates,12,0,11,4,VB,2
desolately,10,0,9,4,RB,2
desynchronizing,15,0,13,5,VB,2
detribalize,11,0,9,4,VB,2
detribalized,12,0,10,4,VB,2
detribalizes,12,0,11,5,VB,2
detribalizing,13,0,11,5,VB,2
devitalizes,11,0,10,5,VB,2
devitalizing,12,0,10,5,VB|NN|JJ,2
INGLESIDE'S,11,0,8,3,encl,2
diagonalizable,14,0,12,7,JJ,2
dialectally,11,0,10,4,RB,2
dilapidate,10,0,9,4,VB,2
dilapidates,11,0,10,4,VB,2
dilapidating,12,0,11,5,VB,2
diplomatist,11,0,11,4,NN|JJ,2
disabuses,9,0,10,4,VB,2
disadvantageously,17,0,15,6,RB,2
disaffects,10,0,9,3,VB,2
disaffiliate,12,0,10,5,VB,2
disaffiliated,13,0,12,6,VB|JJ,2
disaffiliates,13,0,11,5,VB,2
disaffiliating,14,0,12,6,VB,2
disafforest,11,0,10,4,VB,2
disafforested,13,0,12,5,VB,2
disafforesting,14,0,12,5,VB,2
disafforests,12,0,11,4,VB,2
disarranges,11,0,10,4,VB,2
disarranging,12,0,10,4,VB|NN|JJ,2
disarraying,11,0,8,4,VB,2
disburdened,11,0,8,3,VB|JJ,2
disburdening,12,0,9,4,VB|NN|JJ,2
discomfits,10,0,10,3,VB,2
discommodes,11,0,9,3,VB,2
discommoding,12,0,10,4,VB,2
discompose,10,0,9,3,VB,2
discomposed,11,0,10,3,VB,2
discomposes,11,0,11,4,VB,2
discomposing,12,0,11,4,VB,2
disconnectedly,14,0,13,5,RB,2
discontenting,13,0,12,4,VB,2
discordantly,12,0,11,4,RB,2
discountenanced,15,0,12,4,VB|JJ,2
discountenancing,16,0,13,5,VB,2
discreditably,13,0,13,5,RB,2
disembodies,11,0,10,4,VB,2
disembodying,12,0,11,5,VB|NN|JJ,2
disembroil,10,0,9,3,VB,2
disembroiled,12,0,10,3,VB,2
disembroiling,13,0,11,4,VB,2
disembroils,11,0,10,3,VB,2
disencumber,11,0,10,4,VB,2
disencumbered,13,0,11,4,JJ|VB,2
disencumbering,14,0,12,5,JJ|VB|NN,2
disencumbers,12,0,11,4,VB,2
disendowing,11,0,9,4,VB,2
disestablishes,14,0,13,5,VB,2
disestablishing,15,0,13,5,VB,2
disfavoured,11,0,8,3,JJ|VB,2
disfavouring,12,0,9,4,VB|NN|JJ,2
disforested,11,0,11,4,VB,2
disforesting,12,0,11,4,VB,2
disforests,10,0,10,3,VB,2
disfranchise,12,0,10,3,VB,2
disfranchising,14,0,12,4,VB,2
disfrocking,11,0,9,3,VB|NN|JJ,2
disgruntles,11,0,10,3,VB,2
disgruntling,12,0,11,4,VB|NN|JJ,2
disinclines,11,0,10,3,VB,2
disinclining,12,0,11,4,VB,2
disinfested,11,0,11,4,VB|JJ,2
disinfesting,12,0,11,4,VB|NN|JJ,2
disinfests,10,0,10,3,VB,2
disinheriting,13,0,12,5,VB|NN,2
disinherits,11,0,11,4,VB,2
disinterring,12,0,9,4,VB|NN|JJ,2
disjointing,11,0,9,3,VB|NN|JJ,2
disobliged,10,0,9,3,VB|JJ,2
disobliges,10,0,10,4,VB,2
disobliging,11,0,10,4,JJ|VB,2
HOTELMAN'S,10,0,9,3,encl,2
disobligingly,13,0,12,5,RB,2
disorganizes,12,0,12,5,VB,2
disorientate,12,0,11,4,VB,2
disorientates,13,0,12,4,VB,2
dispiritedly,12,0,12,5,RB,2
displeasingly,13,0,11,4,RB,2
disporting,10,0,9,3,VB|NN|JJ,2
dispossesses,12,0,10,4,VB,2
disputably,10,0,10,4,RB,2
disputatiously,14,0,13,5,RB,2
disremembered,13,0,11,4,VB,2
disremembering,14,0,12,5,VB,2
disremembers,12,0,11,4,VB,2
disreputably,12,0,13,5,RB,2
dissatisfies,12,0,11,4,VB,2
dissatisfy,10,0,10,4,VB,2
HALLOWELL'S,11,0,8,3,encl,2
dissevering,11,0,8,4,VB,2
dissimulates,12,0,11,4,VB,2
dissimulating,13,0,12,5,VB|NN|JJ,2
dissoluble,10,0,9,4,JJ,2
dissolutely,11,0,9,4,RB,2
dissonantly,11,0,10,4,RB,2
distempered,11,0,9,3,JJ|VB,2
distempering,12,0,10,4,VB,2
distraining,11,0,9,3,VB,2
distressfully,13,0,10,4,RB,2
distributively,14,0,14,5,RB,2
distrustfully,13,0,11,4,RB,2
disyllabic,10,0,9,4,JJ,2
divagated,9,0,9,4,VB,2
diversionist,12,0,9,4,NN|JJ,2
divertingly,11,0,9,4,RB,2
divisively,10,0,9,4,RB,2
dodderingly,11,0,8,4,RB,2
dogmatical,10,0,10,4,JJ,2
dogmatizes,10,0,10,4,VB,2
dogmatizing,11,0,10,4,VB,2
dolorously,10,0,8,4,RB,2
domiciling,10,0,9,4,VB,2
downheartedly,13,0,11,4,RB,2
draughtiest,11,0,9,3,JJ,2
ebulliently,11,0,10,4,RB,2
ecclesiastically,16,0,13,6,RB,2
economizes,10,0,10,5,VB,2
ecumenically,12,0,11,5,RB,2
effervescently,14,0,10,5,RB,2
effervesces,11,0,8,4,VB,2
effloresced,11,0,8,3,VB|JJ,2
effloresces,11,0,9,4,VB,2
efflorescing,12,0,9,4,VB|NN|JJ,2
effulgently,11,0,10,4,RB,2
egocentrically,14,0,12,5,RB,2
egoistically,12,0,10,5,RB,2
electioneered,13,0,9,4,VB|JJ,2
electioneers,12,0,9,4,NN|VB,2
elegiacally,11,0,10,5,NN|VB,2
elementarily,12,0,12,6,RB,2
elocutionary,12,0,11,6,JJ,2
elocutionist,12,0,11,5,NN|JJ,2
emaciating,10,0,9,5,VB|NN|JJ,2
emasculates,11,0,11,4,VB,2
embrocated,10,0,10,4,VB,2
embrocates,10,0,9,3,VB,2
embrocating,11,0,10,4,VB,2
empanelling,11,0,8,4,VB|NN|JJ,2
EMPHYSEMATOUS,13,0,11,5,JJ,2
emulously,9,0,9,4,RB,2
emulsioning,11,0,8,4,VB,2
ENCEPHALOGRAPHIC,16,0,14,6,JJ,2
encyclopedically,16,0,15,7,NN|VB,2
enduringly,10,0,9,4,RB,2
enfeebling,10,0,8,4,VB|NN|JJ,2
enfranchises,12,0,11,4,VB,2
engrossingly,12,0,10,4,RB,2
enigmatical,11,0,10,5,JJ,2
enkindling,10,0,9,4,VB|NN|JJ,2
ensanguining,12,0,11,4,VB,2
enshrouding,11,0,8,3,VB|NN|JJ,2
enterprisingly,14,0,12,5,RB,2
enthrallingly,13,0,10,4,RB,2
entreatingly,12,0,10,4,RB,2
envenoming,10,0,9,4,VB,2
ephemerally,11,0,9,5,RB,2
EPICYCLICALLY,13,0,12,6,NN|VB,2
epigrammatically,16,0,13,6,RB,2
equipoises,10,0,9,4,NN|VB,2
eradicable,10,0,9,5,JJ,2
etiolating,10,0,9,5,VB,2
eulogistic,10,0,10,4,JJ,2
eulogistically,14,0,12,5,RB,2
eulogizes,9,0,9,4,VB,2
evanescing,10,0,8,4,VB,2
evangelizes,11,0,11,5,VB,2
eventfully,10,0,8,4,RB,2
EVERMOUNTING,12,0,9,4,VB|NN,2
exaltedly,9,0,10,4,RB,2
exasperates,11,0,11,4,VB,2
excogitate,10,0,10,4,VB,2
excogitated,11,0,12,5,VB,2
excogitates,11,0,11,4,VB,2
excogitating,12,0,12,5,VB,2
excruciate,10,0,10,4,VB,2
excruciated,11,0,12,5,VB|JJ,2
excruciates,11,0,11,4,VB,2
exculpates,10,0,10,3,VB,2
excursionist,12,0,10,4,NN|JJ,2
excusably,9,0,11,4,RB,2
exhaustingly,12,0,10,4,RB,2
exhilarates,11,0,10,4,VB,2
exhilaratingly,14,0,13,6,RB,2
exigently,9,0,10,4,RB,2
exiguously,10,0,11,5,RB,2
exorcizes,9,0,10,4,VB,2
expatiated,10,0,11,5,VB,2
expatiates,10,0,10,4,VB,2
expatiating,11,0,11,5,VB,2
expatriating,12,0,12,4,VB,2
expectorated,12,0,13,5,VB|JJ,2
expectorates,12,0,12,4,VB,2
expectorating,13,0,13,5,VB|NN|JJ,2
explicably,10,0,11,4,RB,2
expressionlessly,16,0,13,5,RB,2
expurgates,10,0,9,3,VB,2
expurgating,11,0,10,4,VB|NN|JJ,2
extemporarily,13,0,14,6,RB,2
extemporary,11,0,12,5,JJ,2
extemporize,11,0,11,4,VB,2
extemporizes,12,0,13,5,VB,2
extenuates,10,0,11,4,VB,2
exterritorial,13,0,13,5,JJ,2
extirpates,10,0,9,3,VB,2
extraditable,12,0,12,5,JJ,2
extradites,10,0,10,3,VB,2
extraneously,12,0,12,4,RB,2
extricable,10,0,10,4,JJ,2
factorizes,10,0,9,4,VB,2
factorizing,11,0,9,4,VB|NN|JJ,2
featherbrained,14,0,9,3,JJ,2
federating,10,0,9,4,VB|NN|JJ,2
felicitating,12,0,11,5,VB|NN|JJ,2
feudatory,9,0,9,4,JJ,2
filtrating,10,0,9,3,VB|NN|JJ,2
firewatching,12,0,8,3,VB,2
flabbergasts,12,0,10,3,VB,2
floodlighted,12,0,9,3,VB|JJ,2
flourishingly,13,0,10,4,RB,2
flummoxing,10,0,9,3,VB,2
fluoridized,11,0,9,3,VB,2
fluoridizes,11,0,10,4,VB,2
fluoridizing,12,0,10,4,VB|NN|JJ,2
fogsignals,10,0,9,3,NN|VB,2
footslogged,11,0,8,2,VB|JJ,2
footslogging,12,0,9,3,VB|NN|JJ,2
foreordaining,13,0,10,4,VB,2
foreordains,11,0,9,3,VB,2
forgathered,11,0,8,3,JJ|VB,2
forgathering,12,0,9,4,VB|NN|JJ,2
formatively,11,0,10,4,RB,2
formlessly,10,0,9,3,RB,2
forswearing,11,0,9,3,VB|NN,2
fortifiable,11,0,10,4,JJ,2
fossilizes,10,0,8,4,VB,2
fossilizing,11,0,8,4,VB|NN|JJ,2
fowlingpiece,12,0,8,3,NN|VB,2
fowlingpieces,13,0,10,4,NN|VB,2
foxtrotted,10,0,10,3,VB|JJ,2
foxtrotting,11,0,10,3,VB|NN|JJ,2
fractiously,11,0,9,3,RB,2
fraternizes,11,0,10,4,VB,2
freewheeled,11,0,8,2,VB|JJ,2
fricasseeing,12,0,9,4,VB,2
frogmarches,11,0,10,3,VB,2
frogmarching,12,0,10,3,VB|NN|JJ,2
frostbound,10,0,9,2,JJ,2
fructified,10,0,9,3,VB|JJ,2
fullbacking,11,0,8,3,VB,2
funereally,10,0,10,4,RB,2
furthermost,11,0,8,3,JJ,2
gallivanted,11,0,10,4,VB,2
gallivants,10,0,9,3,VB,2
gangrening,10,0,9,3,VB,2
garrulously,11,0,9,4,RB,2
gatecrashes,11,0,9,3,VB,2
gerrymanders,12,0,10,4,VB,2
gesticulated,12,0,13,5,VB,2
ghastliest,10,0,9,3,JJ,2
Gilbertian,10,0,9,4,JJ,2
CANAVERAL'S,11,0,9,4,encl,2
glisteningly,12,0,9,4,RB,2
gloweringly,11,0,8,3,RB,2
gluttonously,12,0,9,4,RB,2
gormandize,10,0,9,3,VB,2
gormandized,11,0,10,3,VB,2
gormandizes,11,0,11,4,VB,2
gormandizing,12,0,11,4,VB|NN|JJ,2
gormlessly,10,0,9,3,RB,2
granulating,11,0,11,4,VB,2
graspingly,10,0,9,3,RB,2
GREATCOATED,11,0,9,3,VB,2
gristliest,10,0,9,4,JJ,2
gruellingly,11,0,9,3,JJ|RB,2
guilelessly,11,0,8,3,RB,2
habilitate,10,0,9,4,VB,2
habilitated,11,0,11,5,VB|JJ,2
habilitates,11,0,10,4,VB,2
habilitating,12,0,11,5,VB,2
hallmarking,11,0,9,3,VB|NN|JJ,2
hallstands,10,0,9,2,VB|NN,2
hardcovered,11,0,9,3,JJ,2
heartburning,12,0,9,3,VB|NN|JJ,2
hearteningly,12,0,9,4,RB,2
heartrendingly,14,0,12,4,RB,2
hebdomadal,10,0,9,4,JJ,2
hebdomadally,12,0,11,5,RB,2
hedgehopping,12,0,8,3,VB|NN|JJ,2
heliographed,12,0,10,3,JJ,2
heliographing,13,0,11,4,VB,2
hemstitched,11,0,8,2,JJ,2
HETEROGAMOUS,12,0,11,5,JJ,2
heterogeneously,15,0,14,6,RB,2
histrionically,14,0,12,5,RB,2
holystoning,11,0,10,4,VB,2
homoeopathically,16,0,12,5,RB,2
honeycombing,12,0,9,4,VB,2
honorifically,13,0,9,5,RB,2
HOPKINSIAN,10,0,10,4,JJ|NN,2
horsewhips,10,0,9,2,VB|NN,2
hospitalizes,12,0,11,5,VB,2
hotheadedly,11,0,10,4,RB,2
hybridizes,10,0,10,4,VB,2
whirlwind's,11,0,9,2,encl,2
hydroelectrically,17,0,15,6,RB,2
hydropathic,11,0,10,4,JJ,2
hyperbolical,12,0,11,5,JJ,2
hypercritically,15,0,12,5,RB,2
hypoactive,10,0,9,4,JJ,2
hypodermically,14,0,11,5,RB,2
HYPOPHYSEAL,11,0,10,5,JJ,2
HYPOTHALAMICALLY,16,0,14,7,NN|VB,2
hypothecating,13,0,11,5,VB,2
idiomatical,11,0,11,5,JJ,2
idolatrously,12,0,11,5,RB,2
idyllically,11,0,8,4,RB,2
illiberally,11,0,9,5,RB,2
illumining,10,0,8,4,VB,2
illustratively,14,0,12,5,RB,2
illustriously,13,0,11,4,RB,2
imitatively,11,0,10,5,RB,2
impassioning,12,0,8,4,VB,2
impecuniously,13,0,13,5,RB,2
impenitently,12,0,12,5,RB,2
IMPERSONALIZED,14,0,11,5,VB|JJ,2
imperturbably,13,0,11,5,RB,2
importunately,13,0,12,5,RB,2
imposingly,10,0,9,4,RB,2
impracticably,13,0,13,5,RB,2
imprecated,10,0,10,4,VB|JJ,2
imprecates,10,0,9,3,VB,2
imprecating,11,0,10,4,VB|NN|JJ,2
impregnably,11,0,11,4,RB,2
impressionably,14,0,11,5,RB,2
impressionistically,19,0,14,6,RB,2
inaccessibly,12,0,11,5,RB,2
inadmissibly,12,0,11,5,RB,2
inanimately,11,0,10,5,RB,2
inappreciable,13,0,11,5,JJ,2
inartistic,10,0,10,4,JJ,2
inartistically,14,0,12,5,RB,2
inattentively,13,0,11,5,RB,2
incapably,9,0,9,4,RB,2
inchoative,10,0,8,4,JJ|NN,2
incombustible,13,0,12,5,JJ,2
incommoded,10,0,9,4,VB|JJ,2
incommodious,12,0,10,4,JJ,2
incommodiously,14,0,12,6,RB,2
incommunicative,15,0,14,6,JJ,2
inconsequent,12,0,12,4,JJ,2
inconsequently,14,0,14,5,RB,2
inconvertible,13,0,11,5,JJ,2
incorporeally,13,0,13,5,RB,2
inculpated,10,0,10,4,VB,2
inculpating,11,0,10,4,VB,2
indecipherably,14,0,12,6,RB,2
indecorous,10,0,8,4,JJ,2
indecorously,12,0,10,5,RB,2
indestructibly,14,0,14,5,RB,2
indeterminably,14,0,13,6,RB,2
indicatively,12,0,11,5,RB,2
individualizes,14,0,14,6,VB,2
indivisibly,11,0,11,5,RB,2
indomitably,11,0,11,5,RB,2
inebriates,10,0,9,4,VB,2
ineffaceable,12,0,9,5,JJ,2
inexpedient,11,0,12,4,JJ,2
inexpiable,10,0,10,4,JJ,2
inexpiably,10,0,11,4,RB,2
infatuates,10,0,9,4,VB,2
infatuating,11,0,10,5,VB|NN|JJ,2
infracting,10,0,9,3,VB,2
ingratiates,11,0,10,4,VB,2
inharmoniously,14,0,13,5,RB,2
iniquitously,12,0,11,5,RB,2
inoculates,10,0,10,4,VB,2
inopportunely,13,0,10,5,RB,2
inquisitorially,15,0,14,6,RB,2
inseminates,11,0,10,4,VB,2
insensately,11,0,10,4,RB,2
instructively,13,0,12,4,RB,2
insuperably,11,0,10,4,RB,2
INTERAXIAL,10,0,10,4,JJ,2
intercalates,12,0,10,4,VB,2
intercalating,13,0,11,5,VB,2
intercommunicated,17,0,16,7,VB,2
intercommunicates,17,0,15,6,VB,2
interlobular,12,0,11,5,JJ,2
intermediated,13,0,12,6,VB,2
intermediating,14,0,12,6,VB,2
intermitting,12,0,9,4,VB,2
internationalizes,17,0,13,6,VB,2
interpellate,12,0,9,4,VB,2
interpellated,13,0,11,5,VB,2
INTERPEOPLE,11,0,8,4,NN|VB,2
interrogatively,15,0,13,6,RB,2
intradepartmental,17,0,16,6,JJ,2
intransigently,14,0,14,5,RB,2
intrepidly,10,0,10,4,RB,2
introjected,11,0,11,4,VB,2
introjects,10,0,10,3,VB,2
introspected,12,0,12,4,VB,2
intumescing,11,0,9,4,VB,2
invigilate,10,0,9,4,VB,2
invigilated,11,0,11,5,VB|JJ,2
invigilates,11,0,10,4,VB,2
invigilating,12,0,11,5,VB,2
invulnerably,12,0,12,5,RB,2
irreproachably,14,0,11,5,RB,2
isothermally,12,0,8,5,RB,2
italicizes,10,0,10,5,VB,2
itinerated,10,0,10,5,VB,2
itinerating,11,0,10,5,VB,2
jesuitically,12,0,13,7,RB,2
jollifying,10,0,8,4,VB,2
jubilated,9,0,9,4,JJ,2
jubilating,10,0,9,4,VB|NN|JJ,2
JUNKETEERING,12,0,10,4,VB|NN|JJ,2
justiciary,10,0,10,5,JJ|NN,2
justifiedly,11,0,10,4,RB,2
kaleidoscopically,17,0,15,7,RB,2
kittenishly,11,0,8,4,RB,2
laconical,9,0,9,4,JJ,2
theoretician's,14,0,10,4,encl,2
lampoonist,10,0,9,3,NN|JJ,2
landlubberly,12,0,10,4,JJ,2
latitudinarian,14,0,13,7,JJ|NN,2
legitimatized,13,0,12,5,VB,2
legitimatizes,13,0,13,6,VB,2
legitimatizing,14,0,13,6,VB,2
libellously,11,0,8,4,RB,2
liberalizes,11,0,11,5,VB,2
libidinously,12,0,10,5,RB,2
lightsomely,11,0,8,3,RB,2
linertrains,11,0,9,3,NN|VB,2
liquescent,10,0,9,3,JJ,2
liquidizes,10,0,10,4,VB,2
liquidizing,11,0,10,4,VB|NN|JJ,2
lithographing,13,0,10,4,VB,2
longwearing,11,0,8,3,VB,2
looseboxes,10,0,9,3,NN|VB,2
lugubriously,12,0,11,4,RB,2
lukewarmly,10,0,9,3,RB,2
lustrously,10,0,9,3,RB,2
macadamize,10,0,9,4,VB,2
macadamized,11,0,10,4,VB|JJ,2
macadamizes,11,0,11,5,VB,2
macadamizing,12,0,11,5,VB|NN|JJ,2
machinated,10,0,9,4,VB,2
machinating,11,0,9,4,VB,2
machinelike,11,0,8,3,JJ|RB,2
MACROPATHOLOGICAL,17,0,15,7,JJ,2
Madagascans,11,0,11,4,NN|VB,2
magniloquent,12,0,12,4,JJ,2
magniloquently,14,0,14,5,RB,2
maladroitly,11,0,10,4,RB,2
manifolded,10,0,10,4,JJ,2
manometric,10,0,10,4,JJ,2
mantelshelves,13,0,10,3,VB,2
manumitting,11,0,10,4,VB,2
MAPLECREST,10,0,9,3,NN|VB,2
MARKETWISE,10,0,9,3,RB,2
marmoreal,9,0,9,4,JJ,2
masticates,10,0,9,3,VB,2
matchlessly,11,0,8,3,RB,2
maturated,9,0,9,4,VB|JJ,2
maturating,10,0,9,4,VB|NN|JJ,2
maturational,12,0,10,5,JJ,2
meanderingly,12,0,10,5,RB,2
mechanizes,10,0,9,4,VB,2
meliorated,10,0,10,4,VB|JJ,2
meliorates,10,0,9,3,VB,2
meliorating,11,0,10,4,VB|NN|JJ,2
Mephistophelean,15,0,13,6,JJ,2
mercerizes,10,0,8,4,VB,2
mercerizing,11,0,8,4,VB|NN|JJ,2
mercurially,11,0,10,4,RB,2
meretriciously,14,0,12,5,RB,2
metricates,10,0,9,3,VB,2
metricating,11,0,10,4,VB,2
metricizes,10,0,10,4,VB,2
metricizing,11,0,10,4,VB|NN|JJ,2
MICROMETEORITIC,15,0,14,6,JJ,2
microphoning,12,0,10,4,VB,2
militaristically,16,0,15,7,NN|VB,2
militarizes,11,0,11,5,VB,2
MILLIVOLTMETER,14,0,12,5,NN|VB,2
mimeographing,13,0,11,4,VB|NN|JJ,2
MIMETICALLY,11,0,9,4,RB,2
ministerially,13,0,12,5,RB,2
misadvised,10,0,9,3,JJ|VB,2
misadvises,10,0,10,4,VB,2
misapprehending,15,0,13,5,VB|NN|JJ,2
misappropriates,15,0,13,5,VB,2
misconducted,12,0,12,4,JJ|VB,2
misgoverned,11,0,9,3,VB|JJ,2
misgoverning,12,0,10,4,VB,2
misgoverns,10,0,9,3,VB,2
mishitting,10,0,9,3,NN|VB,2
mismanages,10,0,10,4,VB,2
misperceives,12,0,9,3,VB,2
misprinting,11,0,10,3,VB|NN|JJ,2
misreports,10,0,10,3,VB,2
mistakable,10,0,9,4,JJ,2
mistrustfully,13,0,11,4,RB,2
modernistically,15,0,13,6,NN|VB,2
momentously,11,0,10,4,RB,2
monastically,12,0,10,4,RB,2
MONODISPERSE,12,0,10,4,VB,2
monosyllabically,16,0,13,6,RB,2
moralizes,9,0,9,4,VB,2
morganatically,14,0,14,6,RB,2
MORPHOPHONEMIC,14,0,12,5,JJ,2
mothproofed,11,0,8,2,JJ|VB,2
mothproofing,12,0,9,3,VB|NN|JJ,2
mountaineered,13,0,8,3,VB,2
mountainously,13,0,9,4,RB,2
MULTIFIGURE,11,0,10,4,NN|VB,2
multitudinously,15,0,14,6,RB,2
munificently,12,0,12,5,RB,2
munitioning,11,0,9,4,VB,2
schoolmaster's,14,0,10,3,encl,2
mutinously,10,0,9,4,RB,2
nasalizing,10,0,8,4,VB|NN|JJ,2
nationalistically,17,0,12,5,RB,2
naturalizes,11,0,10,4,VB,2
nearsightedly,13,0,10,4,RB,2
necessitous,11,0,9,4,JJ,2
necessitously,13,0,11,5,RB,2
NECTAREOUS,10,0,9,3,JJ,2
negativing,10,0,9,4,VB,2
neglectfully,12,0,10,4,RB,2
neoclassic,10,0,9,4,JJ,2
nervelessly,11,0,8,3,RB,2
nomadically,11,0,9,4,RB,2
nonagenarian,12,0,12,6,NN|JJ,2
nonassertive,12,0,9,4,JJ,2
nonassertively,14,0,11,5,RB,2
nonchurchgoing,14,0,10,4,JJ|VB|NN,2
noncontributory,15,0,16,6,JJ,2
NONDEFEATIST,12,0,11,4,NN|JJ,2
nondescriptly,13,0,13,4,RB,2
noninflammable,14,0,12,5,JJ,2
nonlinguistic,13,0,13,4,JJ,2
nonliterary,11,0,9,5,JJ,2
nonmythological,15,0,13,6,JJ,2
nonparticulate,14,0,14,5,JJ|NN,2
nonplusses,10,0,9,3,VB,2
nonplussing,11,0,9,3,VB|NN|JJ,2
nonsegregated,13,0,13,5,VB,2
nonsystematic,13,0,13,5,JJ,2
northeastwards,14,0,11,3,RB|JJ,2
northwestward,13,0,11,3,RB|JJ,2
northwestwards,14,0,12,3,RB|JJ,2
notarizes,9,0,9,4,VB,2
notarizing,10,0,9,4,VB|NN|JJ,2
novelettish,11,0,8,4,JJ,2
novelettishly,13,0,10,5,RB,2
numerating,10,0,9,4,VB|NN|JJ,2
nutritiously,12,0,10,4,RB,2
objurgated,10,0,9,4,VB,2
objurgating,11,0,9,4,VB,2
observantly,11,0,9,4,RB,2
observingly,11,0,9,4,RB,2
obsolesces,10,0,9,4,VB,2
obsolescing,11,0,9,4,VB|NN|JJ,2
obstreperously,14,0,13,5,RB,2
obstructively,13,0,12,4,RB,2
occasioning,11,0,7,4,VB|NN,2
reputation's,12,0,10,4,encl,2
octosyllabic,12,0,11,5,JJ,2
offenceless,11,0,8,3,JJ|RB,2
opalescing,10,0,8,4,VB,2
opportunely,11,0,8,4,RB,2
opprobriously,13,0,11,4,RB,2
oratorically,12,0,10,5,RB,2
orientates,10,0,9,3,VB,2
ornamentally,12,0,10,5,RB,2
osculated,9,0,10,4,VB,2
ostracizes,10,0,10,4,VB,2
outbalances,11,0,10,4,VB,2
outbalancing,12,0,10,4,VB|NN|JJ,2
outgeneral,10,0,8,4,VB,2
OUTGENERALED,12,0,11,5,VB,2
outmanoeuvre,12,0,8,4,VB,2
outmanoeuvred,13,0,9,4,VB|JJ,2
outmanoeuvres,13,0,9,4,VB,2
outmanoeuvring,14,0,10,5,VB|NN|JJ,2
outspanning,11,0,8,3,VB,2
overarches,10,0,8,4,VB,2
overcapitalize,14,0,11,6,VB,2
overcapitalized,15,0,12,6,VB|JJ,2
overcapitalizes,15,0,13,7,VB,2
overcapitalizing,16,0,13,7,VB|NN|JJ,2
OVERCEREBRAL,12,0,11,5,JJ,2
overclouded,11,0,9,4,VB|JJ,2
overcropped,11,0,8,3,VB,2
overcropping,12,0,9,4,VB,2
overcurious,11,0,10,4,JJ,2
overdrawing,11,0,8,4,VB|NN|JJ,2
overdresses,11,0,9,4,VB,2
overexposes,11,0,11,5,VB,2
overmanning,11,0,8,4,NN|VB,2
overmastered,12,0,9,4,JJ|VB,2
overmastering,13,0,10,5,VB|NN|JJ,2
OVERVAULTING,12,0,9,4,VB|NN,2
overweeningly,13,0,10,5,RB,2
oxygenized,10,0,10,4,VB|JJ,2
oxygenizes,10,0,11,5,VB,2
oxygenizing,11,0,11,5,VB|NN|JJ,2
paginating,10,0,9,4,VB|NN|JJ,2
palatably,9,0,9,4,RB,2
palatalize,10,0,8,4,VB,2
palatalizes,11,0,10,5,VB,2
palatalizing,12,0,10,5,VB|NN|JJ,2
palatially,10,0,8,4,RB,2
paleographically,16,0,14,6,RB,2
palisaded,9,0,9,4,JJ,2
palisading,10,0,9,4,VB,2
palliating,10,0,8,4,VB|NN|JJ,2
palpitates,10,0,9,3,VB,2
panoramically,13,0,11,5,RB,2
pantomimic,10,0,10,4,JJ,2
paragraphed,11,0,9,3,VB|JJ,2
PARALINGUISTIC,14,0,14,5,JJ,2
paraplegically,14,0,13,6,NN|VB,2
pardonably,10,0,9,4,RB,2
parochially,11,0,9,4,RB,2
PARSYMPATHETIC,14,0,13,5,JJ,2
participially,13,0,13,6,RB,2
particularizes,14,0,13,6,VB,2
particularizing,15,0,13,6,VB|NN|JJ,2
partitively,11,0,10,4,RB,2
PASCATAQUA,10,0,9,4,JJ|RB,2
passionlessly,13,0,9,4,RB,2
passivizes,10,0,9,4,VB,2
passivizing,11,0,9,4,VB,2
pasteurizes,11,0,10,4,VB,2
pauperizes,10,0,8,4,VB,2
pauperizing,11,0,8,4,VB|NN|JJ,2
peculated,9,0,10,4,VB,2
peculating,10,0,10,4,VB|NN|JJ,2
pecuniarily,11,0,12,6,RB,2
PEDIMENTED,10,0,10,4,JJ,2
pellucidly,10,0,9,4,RB,2
penetratively,13,0,12,5,RB,2
penitentially,13,0,10,5,RB,2
penitently,10,0,10,4,RB,2
penuriously,11,0,11,4,RB,2
perambulated,12,0,12,5,VB,2
perambulates,12,0,11,4,VB,2
peregrinate,11,0,10,4,VB|JJ,2
perfidiously,12,0,10,4,RB,2
peripatetically,15,0,14,7,NN|VB,2
periphrastically,16,0,13,5,RB,2
perishingly,11,0,9,4,RB,2
permanganic,11,0,10,4,JJ,2
perorated,9,0,9,4,VB,2
perorating,10,0,9,4,VB,2
personated,10,0,8,4,VB|JJ,2
personating,11,0,8,4,VB|NN|JJ,2
perspicaciously,15,0,12,5,RB,2
perspicuously,13,0,12,4,RB,2
persuadable,11,0,9,4,JJ,2
pertinacious,12,0,9,4,JJ,2
pertinaciously,14,0,11,5,RB,2
perturbable,11,0,8,4,JJ,2
pettifogged,11,0,8,3,VB,2
philandered,11,0,8,3,VB,2
philanthropical,15,0,12,5,JJ,2
philanthropically,17,0,13,5,RB,2
philhellenic,12,0,10,4,JJ,2
philologically,14,0,11,5,RB,2
phlegmatically,14,0,11,4,RB,2
phonologic,10,0,9,4,JJ,2
phosphoresced,13,0,9,3,VB|JJ,2
phosphorescently,16,0,12,5,RB|JJ,2
phosphoresces,13,0,10,4,VB,2
phosphorescing,14,0,10,4,VB,2
photosensitize,14,0,12,5,VB,2
photosensitized,15,0,13,5,VB|JJ,2
photosensitizes,15,0,14,6,VB,2
photosensitizing,16,0,14,6,VB|NN|JJ,2
PHRASEMAKING,12,0,9,3,VB|NN|JJ,2
picturesquely,13,0,10,4,RB,2
pigheadedly,11,0,10,4,RB,2
pimpliest,9,0,9,4,JJ,2
pinnacling,10,0,8,4,VB,2
piratically,11,0,9,4,RB,2
piscatory,9,0,9,4,JJ,2
pitchforking,12,0,9,3,VB,2
placatory,9,0,9,4,JJ,2
PLANOCONCAVE,12,0,11,4,JJ,2
plenarily,9,0,9,4,RB,2
plenteously,11,0,10,3,RB,2
polemically,11,0,9,4,RB,2
politicalized,13,0,12,5,VB,2
politicalizing,14,0,13,6,VB,2
Pasadena's,10,0,9,4,encl,2
polysyllabically,16,0,13,6,RB,2
pontifically,12,0,10,4,RB,2
portentously,12,0,11,4,RB,2
portraitist,11,0,10,3,NN|JJ,2
powerlessly,11,0,8,3,RB,2
practicably,11,0,11,4,RB,2
praiseworthily,14,0,10,4,RB,2
preachified,11,0,8,3,VB,2
preachifies,11,0,8,3,VB,2
preachifying,12,0,9,4,VB,2
prearranges,11,0,10,3,VB,2
prearranging,12,0,10,3,VB|NN|JJ,2
preconceives,12,0,10,3,VB,2
preconcerted,12,0,11,4,JJ,2
predeceases,11,0,10,4,VB,2
predeceasing,12,0,10,4,VB,2
predestinates,13,0,12,4,VB,2
predestining,12,0,11,4,VB,2
predetermines,13,0,11,4,VB,2
predigesting,12,0,11,4,VB|NN|JJ,2
predigests,10,0,10,3,VB,2
prefabricate,12,0,11,4,VB,2
prefabricates,13,0,12,4,VB,2
prefabricating,14,0,13,5,VB|NN|JJ,2
pregnantly,10,0,10,3,RB,2
prehistorically,15,0,13,5,RB,2
premaritally,12,0,10,5,RB,2
premeditates,12,0,11,4,VB,2
premeditating,13,0,12,5,VB|NN|JJ,2
preordaining,12,0,10,4,VB|NN,2
preordains,10,0,9,3,VB,2
prepackages,11,0,10,4,VB,2
prepackaging,12,0,10,4,VB,2
preponderantly,14,0,14,5,RB,2
preponderate,12,0,11,4,VB,2
preponderated,13,0,13,5,VB,2
preponderates,13,0,12,4,VB,2
preponderating,14,0,13,5,VB|NN|JJ,2
prepositionally,15,0,12,6,RB,2
prepossessed,12,0,9,3,VB|JJ,2
prepossesses,12,0,10,4,VB,2
prepossessing,13,0,10,4,VB|NN|JJ,2
prerecords,10,0,10,3,VB,2
presentably,11,0,11,4,RB,2
pretendedly,11,0,11,4,RB,2
prevailingly,12,0,10,4,RB,2
prevaricated,12,0,12,5,VB|JJ,2
prickliest,10,0,9,4,JJ,2
priestliest,11,0,10,3,JJ,2
princeliest,11,0,10,3,JJ,2
prizefighting,13,0,9,3,VB|NN|JJ,2
proconsular,11,0,9,4,JJ|NN,2
prodigally,10,0,9,4,RB,2
professorially,14,0,12,5,RB,2
profitlessly,12,0,11,4,RB,2
prognosticates,14,0,13,4,VB,2
prolapsing,10,0,9,3,VB,2
proletary,9,0,9,4,JJ|NN,2
promenaded,10,0,10,4,VB,2
propitiates,11,0,10,4,VB,2
propitiously,12,0,10,4,RB,2
proportionable,14,0,11,5,JJ,2
prosodically,12,0,10,4,RB,2
protestingly,12,0,11,4,RB,2
PROTOGEOMETRIC,14,0,14,6,JJ,2
protracting,11,0,10,3,VB|NN|JJ,2
protrusive,10,0,9,3,JJ,2
protrusively,12,0,11,4,RB,2
protuberantly,13,0,12,5,RB,2
protuberate,11,0,10,4,VB,2
protuberated,12,0,12,5,VB,2
protuberating,13,0,12,5,VB,2
provokingly,11,0,10,4,RB,2
prudentially,12,0,9,4,RB,2
psychoanalyses,14,0,11,6,VB,2
psychoanalysing,15,0,11,6,VB|NN|JJ,2
psychosomatically,17,0,13,6,RB,2
pugnaciously,12,0,10,4,RB,2
pullulated,10,0,10,4,VB,2
purposelessly,13,0,10,4,RB,2
purulently,10,0,11,4,RB,2
pusillanimously,15,0,14,6,RB,2
pussyfooted,11,0,9,4,VB,2
putrefactively,14,0,14,5,RB,2
QUADRIPARTITE,13,0,12,4,JJ,2
quadruplicated,14,0,14,5,JJ,2
quadruplicating,15,0,14,5,VB,2
quarterstaves,13,0,11,3,VB,2
militarist's,12,0,11,4,encl,2
queenliest,10,0,9,3,JJ,2
racketeered,11,0,8,3,JJ,2
radiochlorine,13,0,11,5,NN|JJ,2
RADIOSTERILIZED,15,0,14,6,VB|JJ,2
rambunctiously,14,0,12,4,RB,2
ratiocinate,11,0,10,5,VB,2
ratiocinated,12,0,12,6,VB,2
ratiocinates,12,0,11,5,VB,2
ratiocinating,13,0,12,6,VB,2
rattlebrained,13,0,9,3,JJ,2
readapting,10,0,9,3,VB|NN|JJ,2
readdresses,11,0,9,3,VB,2
reafforest,10,0,9,3,VB,2
reafforested,12,0,11,4,VB|JJ,2
reafforesting,13,0,11,4,VB,2
reafforests,11,0,10,3,VB,2
reapportioned,13,0,9,3,VB|JJ,2
rebukingly,10,0,10,4,RB,2
recompensing,12,0,11,4,VB,2
reconnoitres,12,0,9,4,VB|NN,2
reconnoitring,13,0,10,5,VB,2
recriminated,12,0,12,5,VB|JJ,2
recriminates,12,0,11,4,VB,2
recriminatory,13,0,13,6,JJ,2
reduplicate,11,0,10,4,VB,2
reduplicates,12,0,11,4,VB,2
reeducates,10,0,9,4,VB,2
reeducating,11,0,10,5,VB|NN|JJ,2
reformative,11,0,10,4,JJ,2
regimenting,11,0,10,4,VB|NN|JJ,2
reimburseable,13,0,10,5,JJ,2
reinsuring,10,0,9,4,VB,2
remedially,10,0,9,4,RB,2
remilitarizes,13,0,13,6,VB,2
remilitarizing,14,0,13,6,VB,2
remonstrates,12,0,11,3,VB,2
remunerates,11,0,11,4,VB,2
remuneratively,14,0,14,6,RB,2
renegaded,9,0,9,4,JJ,2
renegading,10,0,9,4,VB,2
reorientated,12,0,12,5,VB|JJ,2
reorientates,12,0,11,4,VB,2
reorients,9,0,9,4,VB,2
repossesses,11,0,9,4,VB,2
reprehended,11,0,11,4,VB|JJ,2
reprehending,12,0,11,4,VB|NN|JJ,2
reprehends,10,0,10,3,VB,2
repressively,12,0,10,4,RB,2
reproachable,12,0,9,4,JJ,2
reprobating,11,0,10,4,VB,2
reprovingly,11,0,10,4,RB,2
resiliently,11,0,11,4,RB,2
resistless,10,0,9,3,JJ,2
retentively,11,0,10,4,RB,2
reticently,10,0,9,4,RB,2
reticulates,11,0,11,4,VB,2
reticulating,12,0,12,5,VB|NN|JJ,2
retractile,10,0,9,3,JJ,2
retrenches,10,0,9,3,VB,2
retrogresses,12,0,11,4,VB,2
retrogressively,15,0,13,5,RB,2
revengefully,12,0,9,4,RB,2
reverencing,11,0,10,4,VB,2
revertible,10,0,8,4,JJ,2
revivifies,10,0,9,4,VB,2
ROARINGEST,10,0,9,3,VB,2
rodomontade,11,0,10,4,NN|VB,2
roodscreens,11,0,9,2,NN|VB,2
ROOSEVELTIAN,12,0,11,5,JJ,2
roughcasting,12,0,9,3,VB|NN|JJ,2
rubberizes,10,0,8,4,VB,2
rubberizing,11,0,8,4,VB,2
rubbernecked,12,0,8,3,VB|JJ,2
rubbernecks,11,0,8,3,VB|NN,2
rumbustious,11,0,9,3,JJ,2
rumourmonger,12,0,9,4,NN|VB,2
rumourmongers,13,0,10,4,NN|VB,2
Ruritanian,10,0,10,4,JJ|NN,2
rusticated,10,0,10,4,VB,2
rusticating,11,0,10,4,VB,2
sabbatarian,11,0,10,5,NN|JJ,2
sagaciously,11,0,9,4,RB,2
saintliest,10,0,9,3,JJ,2
saliferous,10,0,8,4,JJ,2
sandblasts,10,0,10,2,VB|NN,2
sandpapers,10,0,9,3,NN|VB,2
sanguineous,11,0,10,3,JJ,2
scandalizing,12,0,10,4,VB|NN|JJ,2
scandalmongering,16,0,13,5,VB|NN|JJ,2
schizophrenically,17,0,14,5,RB,2
schmaltzier,11,0,8,2,JJ,2
schmaltziest,12,0,10,3,JJ,2
schoolmastering,15,0,11,4,VB|NN|JJ,2
scintillated,12,0,9,4,VB|JJ,2
scorbutic,9,0,10,3,JJ,2
scoundrelly,11,0,9,3,RB,2
scraggiest,10,0,9,3,JJ,2
scratchiest,11,0,9,3,JJ,2
scrawniest,10,0,9,3,JJ,2
SCREENLAND,10,0,9,2,NN|VB,2
scrimshank,10,0,9,2,VB,2
scrimshanked,12,0,10,2,VB,2
scrimshanking,13,0,11,3,VB,2
scrimshanks,11,0,10,2,VB,2
scrubbiest,10,0,9,3,JJ,2
scrumhalfs,10,0,9,2,NN|VB,2
scrumhalves,11,0,9,2,VB,2
seclusively,11,0,10,4,RB,2
sectionalized,13,0,10,4,VB|JJ,2
secularize,10,0,9,4,VB,2
secularizes,11,0,11,5,VB,2
secularizing,12,0,11,5,VB,2
selfeffacing,12,0,10,4,JJ,2
SEMIEMPIRICAL,13,0,12,6,JJ,2
semiquantitative,16,0,15,6,JJ,2
SEMISECRET,10,0,10,4,JJ|NN,2
sententiously,13,0,11,4,RB,2
sentimentalizes,15,0,14,6,VB,2
sentimentalizing,16,0,14,6,VB|NN|JJ,2
separably,9,0,9,4,RB,2
sequestrate,11,0,10,3,VB,2
sequestrated,12,0,12,4,VB|JJ,2
sequestrates,12,0,11,3,VB,2
sequestrating,13,0,12,4,VB|NN|JJ,2
sericultural,12,0,11,5,JJ,2
seriocomic,10,0,10,5,JJ,2
sermonizes,10,0,9,4,VB,2
serviceably,11,0,9,4,RB,2
sexagenary,10,0,11,5,JJ|NN,2
shadowboxed,11,0,9,3,VB,2
shadowboxes,11,0,10,4,VB,2
shadowiest,10,0,8,4,JJ,2
shapelessly,11,0,8,3,RB,2
shiftlessly,11,0,9,3,RB,2
shipwrecking,12,0,8,3,VB|NN|JJ,2
shirtfronts,11,0,9,2,NN|VB,2
sibilated,9,0,9,4,VB,2
sibilating,10,0,9,4,VB|NN|JJ,2
signalizes,10,0,9,4,VB,2
signalizing,11,0,9,4,VB,2
silhouetting,12,0,8,4,VB|NN|JJ,2
silveriest,10,0,9,4,JJ,2
singularize,11,0,10,4,VB,2
singularized,12,0,11,4,JJ|VB,2
singularizes,12,0,12,5,VB,2
singularizing,13,0,12,5,VB,2
Frankfurter's,13,0,10,3,encl,2
skedaddling,11,0,9,4,VB|NN|JJ,2
skindiving,10,0,9,3,VB|NN|JJ,2
slantingly,10,0,9,3,RB,2
sleeplessly,11,0,9,3,RB,2
footballer's,12,0,8,3,encl,2
slenderizes,11,0,10,4,VB,2
slightingly,11,0,8,3,RB,2
slouchingly,11,0,8,3,JJ|RB,2
slovenliest,11,0,11,4,JJ,2
smallholding,12,0,10,3,VB|NN|JJ,2
SNAKESTRIKE,11,0,9,2,VB|NN,2
feathertop's,12,0,8,3,encl,2
softlanded,10,0,10,3,JJ|VB,2
soldierlike,11,0,8,3,VB|NN|JJ,2
solemnizing,11,0,10,4,VB|NN|JJ,2
soliloquizes,12,0,12,5,VB,2
somnambulate,12,0,12,4,VB,2
somnambulated,13,0,14,5,VB,2
somnambulates,13,0,13,4,VB,2
somnambulating,14,0,14,5,VB|NN|JJ,2
somnolently,11,0,11,4,RB,2
sophisticating,14,0,12,5,VB,2
SOPHOCLEAN,10,0,9,3,JJ,2
soundproofs,11,0,9,2,VB,2
southeastward,13,0,9,3,JJ|RB,2
southeastwards,14,0,10,3,RB|JJ,2
southwestward,13,0,10,3,JJ|RB|NN,2
southwestwards,14,0,11,3,RB|JJ,2
sovietized,10,0,9,3,JJ|VB,2
sovietizes,10,0,10,4,VB,2
sovietizing,11,0,10,4,VB,2
spatchcocked,12,0,8,2,JJ,2
spatchcocking,13,0,9,3,VB,2
speechified,11,0,8,3,VB|JJ,2
speechifies,11,0,8,3,VB,2
spindliest,10,0,10,4,JJ,2
spiritlessly,12,0,11,4,RB,2
splayfooted,11,0,9,3,JJ|VB,2
splotchiest,11,0,9,3,JJ,2
spoliating,10,0,9,4,VB,2
sportively,10,0,9,3,RB,2
sprightlier,11,0,8,2,JJ,2
sprightliest,12,0,10,3,JJ,2
springiest,10,0,9,3,JJ,2
squalliest,10,0,9,3,JJ,2
squashiest,10,0,9,3,JJ,2
squidgiest,10,0,9,3,JJ,2
squiffiest,10,0,9,3,JJ,2
squigglier,10,0,8,4,RB,2
stagnantly,10,0,10,3,RB,2
stammeringly,12,0,9,4,RB,2
standoffishly,13,0,11,4,RB,2
starboarded,11,0,10,3,VB|JJ,2
starboarding,12,0,10,3,VB,2
stateliest,10,0,9,3,JJ,2
steeplechases,13,0,10,4,NN|VB,2
stertorously,12,0,10,4,RB,2
stipendiary,11,0,11,5,NN|JJ,2
stormbound,10,0,9,2,JJ,2
stragglier,10,0,8,4,JJ,2
strangulates,12,0,12,3,VB,2
straphanging,12,0,10,3,VB|NN|JJ,2
stratifies,10,0,9,3,VB,2
streakiest,10,0,9,3,JJ,2
stretchiest,11,0,9,3,JJ,2
stridulate,10,0,9,3,VB,2
stridulated,11,0,11,4,VB,2
stridulating,12,0,11,4,VB,2
strikebound,11,0,9,2,JJ,2
stringiest,10,0,9,3,JJ,2
STRONGHEART,11,0,9,2,NN|VB,2
stroppiest,10,0,9,3,JJ,2
STUBBLEFIELDS,13,0,10,3,NN|VB,2
stultifies,10,0,9,3,VB,2
stutteringly,12,0,9,4,RB,2
subedited,9,0,9,4,VB|JJ,2
subediting,10,0,9,4,VB|NN|JJ,2
SUBLITERARY,11,0,11,5,JJ,2
subordinately,13,0,11,5,RB,2
subordinative,13,0,11,5,JJ,2
subsistent,10,0,10,3,JJ,2
sulphureous,11,0,10,3,JJ,2
summeriest,10,0,8,4,JJ,2
SUMMERSPACE,11,0,8,3,NN|VB,2
sundrenched,11,0,9,2,JJ,2
superabundant,13,0,12,5,JJ,2
superannuate,12,0,11,5,VB,2
superannuates,13,0,12,5,VB,2
superannuating,14,0,13,6,VB|NN|JJ,2
superfluously,13,0,11,4,RB,2
SUPERLUNARY,11,0,10,5,JJ,2
SUPERMACHINE,12,0,9,4,NN|VB,2
superscribe,11,0,9,3,VB,2
superscribed,12,0,10,3,JJ|VB,2
superscribes,12,0,10,3,VB,2
superscribing,13,0,11,4,VB|NN|JJ,2
suppurated,10,0,10,4,VB,2
suppurates,10,0,9,3,VB,2
surefootedly,12,0,10,4,RB,2
swaggeringly,12,0,9,4,RB,2
SYCOPHANTICALLY,15,0,12,5,RB,2
syllabicate,11,0,9,4,VB,2
syllabicated,12,0,11,5,VB,2
syllabicating,13,0,11,5,VB,2
syllabified,11,0,9,4,JJ|VB,2
syllabifies,11,0,9,4,VB,2
syllabifying,12,0,10,5,VB|NN|JJ,2
syllabizing,11,0,9,4,VB,2
sympathizingly,14,0,12,5,JJ,2
synoptically,12,0,10,4,RB,2
systematizes,12,0,12,5,VB,2
taciturnly,10,0,9,4,RB,2
tactually,9,0,9,4,RB,2
taffycolored,12,0,9,4,JJ|VB,2
telegraphically,15,0,12,5,RB,2
telephotographic,16,0,14,6,JJ,2
temerarious,11,0,10,4,JJ,2
temperately,11,0,10,4,RB,2
tempestuously,13,0,12,4,RB,2
temporizes,10,0,10,4,VB,2
tenderheartedly,15,0,13,5,RB,2
tergiversate,12,0,9,4,VB,2
tergiversated,13,0,11,5,VB,2
tergiversates,13,0,10,4,VB,2
tergiversating,14,0,11,5,VB,2
terminologically,16,0,13,6,RB,2
tessellates,11,0,8,3,VB,2
theistical,10,0,8,4,JJ,2
theistically,12,0,10,5,RB,2
thenceforward,13,0,10,3,RB,2
thereinafter,12,0,9,4,RB,2
THERMOSTATED,12,0,10,4,VB,2
thriftiest,10,0,9,3,JJ,2
thriftlessly,12,0,10,3,RB,2
THYROTOXIC,10,0,10,4,JJ,2
TICKLEBRUSH,11,0,8,3,NN|VB,2
ticklishly,10,0,8,4,RB,2
timeserving,11,0,8,3,NN|VB|JJ,2
titivated,9,0,9,4,VB|JJ,2
titivating,10,0,9,4,JJ|VB|NN,2
tobogganing,11,0,9,4,NN|VB|JJ,2
tomahawking,11,0,9,4,VB,2
tracksuited,11,0,9,3,JJ,2
traditionalistic,16,0,14,6,JJ,2
traditionalized,15,0,12,5,VB|JJ,2
tranquillize,12,0,10,3,VB,2
tranquillized,13,0,11,3,VB,2
tranquillizes,13,0,12,4,VB,2
tranquillizing,14,0,12,4,VB,2
transfixes,10,0,11,3,VB,2
transfuses,10,0,11,3,VB,2
transistorize,13,0,11,4,VB,2
transistorizes,14,0,13,5,VB,2
transistorizing,15,0,13,5,VB,2
transitionally,14,0,11,5,RB,2
transmigrates,13,0,12,3,VB,2
transmigrating,14,0,13,4,VB|NN|JJ,2
transmutable,12,0,12,4,JJ,2
travestying,11,0,10,4,VB,2
treacliest,10,0,9,4,JJ,2
triplicated,11,0,11,4,VB|JJ,2
tyrannizes,10,0,9,4,VB,2
ULTRACENTRIFUGALLY,18,0,19,7,RB,2
ULTRACENTRIFUGE,15,0,15,5,NN|VB,2
ULTRAVEHEMENT,13,0,12,4,JJ,2
ululating,9,0,9,4,VB|NN|JJ,2
unaffectedly,12,0,11,5,RB,2
unappeasably,12,0,10,5,RB,2
unassumingly,12,0,10,5,RB,2
unasterisked,12,0,11,4,JJ|VB,2
unbecomingly,12,0,11,5,RB,2
unblushingly,12,0,10,4,RB,2
unbosoming,10,0,8,4,VB|NN,2
uncanniest,10,0,9,4,JJ,2
uncombable,10,0,8,4,JJ,2
uncomforted,11,0,10,4,JJ,2
uncomplainingly,15,0,13,5,RB,2
uncourageous,12,0,9,4,JJ,2
uncousinly,10,0,8,4,RB,2
uncrushable,11,0,9,4,JJ,2
undeceiving,11,0,9,4,JJ,2
undecidedly,11,0,11,5,RB,2
undenominational,16,0,14,7,JJ,2
undepicted,10,0,10,4,VB,2
underacted,10,0,9,4,VB|JJ,2
underacting,11,0,9,4,VB|NN|JJ,2
UNDERBEDDING,12,0,9,4,NN|VB,2
underbidden,11,0,9,4,VB,2
UNDERBRACING,12,0,10,4,VB,2
underexposes,12,0,12,5,VB,2
undernourish,12,0,9,4,VB,2
undernourishes,14,0,11,5,VB,2
undernourishing,15,0,11,5,VB|NN|JJ,2
underquoted,11,0,10,4,VB,2
underquoting,12,0,10,4,VB,2
undersigning,12,0,9,4,VB|NN|JJ,2
undersigns,10,0,9,3,VB,2
understocking,13,0,10,4,VB,2
unfeelingly,11,0,9,4,RB,2
unfeignedly,11,0,8,3,RB,2
bondsman's,10,0,9,2,encl,2
unharmonious,12,0,11,4,JJ,2
unhealthier,11,0,8,3,JJ,2
unhesitant,10,0,10,4,JJ,2
uninhibitedly,13,0,13,6,RB,2
uninjectable,12,0,11,5,JJ,2
unionizes,9,0,10,4,VB,2
unlikelier,10,0,8,4,JJ|RB,2
unliterary,10,0,10,5,JJ,2
unloosening,11,0,8,4,VB,2
unmagnified,11,0,10,4,VB,2
unmalicious,11,0,9,4,JJ,2
unmurmuring,11,0,8,4,JJ,2
unnourished,11,0,8,3,JJ,2
unpaintable,11,0,9,4,JJ,2
UNPATRONIZING,13,0,12,5,JJ,2
unperformed,11,0,9,3,JJ,2
unpicturesque,13,0,10,4,JJ,2
unpractised,11,0,10,3,JJ,2
unprocurable,12,0,12,5,JJ,2
unprovocative,13,0,12,5,JJ,2
unputdownable,13,0,11,5,JJ,2
UNRESTRICTEDLY,14,0,14,5,RB,2
unruliest,9,0,9,4,JJ,2
unsaddling,10,0,8,4,VB,2
unscrambles,11,0,10,3,VB,2
unseeingly,10,0,8,4,RB,2
unsmilingly,11,0,10,4,RB,2
unstringing,11,0,9,3,VB,2
unsuitably,10,0,9,4,RB,2
unsyllabic,10,0,9,4,JJ,2
unthematic,10,0,9,4,JJ,2
untidiest,9,0,9,4,JJ,2
untowardly,10,0,10,4,RB,2
unwomanly,9,0,9,4,JJ,2
upholsters,10,0,9,3,VB,2
usuriously,10,0,10,4,RB,2
uxoriously,10,0,11,6,RB,2
vacationist,11,0,9,4,NN|JJ,2
vaingloriously,14,0,12,4,RB,2
vantagepoints,13,0,11,3,NN|VB,2
variegates,10,0,9,3,VB,2
variegating,11,0,10,4,VB|NN|JJ,2
velarizing,10,0,8,4,VB|NN|JJ,2
veraciously,11,0,9,4,RB,2
vexatiously,11,0,10,4,RB,2
videlicet,9,0,9,4,RB,2
VINOGRADOFF,11,0,10,4,NN|JJ|VB,2
vituperates,11,0,10,4,VB,2
vituperating,12,0,11,5,VB|JJ|NN,2
vituperatively,14,0,13,6,RB,2
vivaciously,11,0,9,4,RB,2
vivisecting,11,0,10,4,VB,2
vociferate,10,0,9,4,VB,2
vociferated,11,0,11,5,VB|JJ,2
vociferates,11,0,10,4,VB,2
vociferating,12,0,11,5,VB|NN|JJ,2
voluptuary,10,0,10,5,NN|JJ,2
voyeuristically,15,0,10,5,RB,2
vulcanizes,10,0,10,4,VB,2
vulgarizes,10,0,9,4,VB,2
vulgarizing,11,0,9,4,VB|NN|JJ,2
vulnerably,10,0,10,4,RB,2
VULTURELIKE,11,0,8,3,JJ|RB,2
wainscoted,10,0,9,3,JJ,2
anaconda's,10,0,9,4,encl,2
watchstraps,11,0,9,2,VB,2
waveringly,10,0,8,4,RB,2
weatherproofed,14,0,9,3,JJ|VB,2
westernizes,11,0,10,4,VB,2
westernizing,12,0,10,4,VB|NN|JJ,2
whitehaired,11,0,8,2,JJ,2
winteriest,10,0,9,4,JJ,2
womanizes,9,0,9,4,VB,2
woodgraining,12,0,9,3,VB,2
woolgathered,12,0,8,3,VB,2
woolgathers,11,0,8,3,VB,2
worldliest,10,0,9,3,JJ,2
worthlessly,11,0,8,3,RB,2
wrinkliest,10,0,9,4,JJ,2
wrongheadedly,13,0,10,4,RB,2
